-0.001847665016755311	-0.002734989393426999	-0.002672948627294248	-0.0015939988317397855	-0.002999538844652135	-0.0029868724444307806	-0.002623082362345129	-0.002999631075721708	-0.0028521228517846713	-0.0028536292925876966	6.323977003719989E-5	-0.0028053616995111753	-0.0029590186614197435	-0.0029996925631014235	-0.002995449933901067	-0.0029219417714514096	-0.002798075445014911	-0.003	-0.003	-0.003	-0.001959264610938605	-0.002921911027761552	-0.0025930150336643406	-0.0029956651397300706	-0.003	-0.0029952962154517785	-0.0029992314077535586	-0.0029859193900451933	-0.0021058197804900546	-0.0028581793586866296	-9.015587050757831E-4	-0.0010553078980539245
-0.002960647389517735	-0.0029674792648801272	-0.0026961202006705828	-0.0015624322484685004	-0.0029988907656238184	-0.0029823782993420225	-0.0029759245720624196	-0.0029996722716615827	-0.0029745632389643786	0.03306665490205964	-0.002413315854488618	-0.0029722187208510854	-0.0029828320770413693	-0.002999117654473492	-0.0029851765951546625	-0.0018484130385458947	-0.002433508962109562	-0.003	-0.003	-0.002997479012781405	-0.002899790758060857	-0.003	-0.002969370005294073	-0.0029853026445155924	-0.0029943781985025337	-0.0029974285930370334	-0.0029992437038344217	-0.001605742808883959	-0.002924269543953412	-0.002757985227014899	-0.0023237199687397587	-0.00255378526230872
-0.0029768203980497163	-0.0029863719926464713	-0.002838262329150348	-0.0028804651906322435	-0.002997761969466869	-0.002993166013907761	-0.0029936455918791465	-0.0029998801055071537	-0.002977899448485333	-0.0021492686435936378	-0.003	-0.002999640316521461	-0.00299676284869315	-0.002998481336423947	-0.002980816881144593	-0.003	-0.0029253057309567582	-0.003	-0.003	-0.003	-0.002787347134521621	-0.003	-0.0029805770921589	-0.0029976820398049716	0.0030455998721125406	-0.002999000879226281	-0.003	-0.002858004955639038	-0.002969706658140836	-0.002731596195348094	-0.002372072576133003	-0.0024931260490768125
-0.0026447704816085866	-0.0029649215744984685	-0.00298733215100076	-0.002508257134302232	-0.0013781698413064007	-0.00299585415850934	-0.00297180827786351	-0.0029997005781145633	-0.0029893590068406383	-0.002701821867010618	-0.0025730474238201627	-0.002985236197802704	-0.0029908791487205473	-0.002999170831701868	-0.002992468387958634	-0.0020938342124052793	-0.001314416012161135	-0.0029383190916000643	-0.003	-0.00299910173434369	-0.0029269871248589264	-0.0029592325586751734	-0.0029749867563396825	-0.002993712140405832	-0.0029705645254163118	-0.0029980883064237513	-0.0029899348181587856	0.0027760324296934383	-0.0029266646705207637	-0.00279586337149043	-0.0027388350185411246	0.0011375267752262936
-0.002769609182836841	-0.002982999577629258	-0.0029854033640587343	-0.0026818119704837386	-0.002999968943327785	-0.002998993763820219	-0.0029932544907948022	-0.0029999316753211262	-0.0029854716887376086	-0.002968974384456757	-0.002952942930259137	-0.002939054386444384	-0.0029995589952545405	-0.0029999440979900124	-0.0029799249670799275	-0.003	-0.0023972769509801486	-0.0029449116748242192	-0.002914699744093021	-0.002999801237297821	-0.0029917078685184726	-0.0029904966583020696	-0.0029937886655569085	-0.002999378866555691	-0.0029911550597530373	-0.003	-0.003	-0.0029376816815324604	-0.0029545951452209993	-0.002986869238987304	-0.0015705048572635346	-0.0018445178762205273
-0.0029903492647058824	-0.0029926470588235296	-0.0029066176470588234	-0.0028	-0.0029998161764705883	-0.0029962316176470587	-0.0029955882352941175	-0.003	-0.0029979779411764707	-0.0011237132352941177	-0.002803125	-0.002999264705882353	-0.0029976102941176473	-0.002999908088235294	-0.002996875	-0.003	-0.002764154411764706	-0.003	-0.003	-0.003	-0.002973529411764706	-0.003	-0.0029974264705882356	-0.003	-0.0029970588235294117	-0.003	-0.003	-0.002963419117647059	-0.0029918198529411766	-0.0029479779411764706	-0.0029376838235294117	-0.003
-0.0029016317016317015	-0.0029525407925407926	-0.002957202797202797	-0.0024716083916083917	5.015384615384617E-4	-0.0029933799533799535	-0.002956829836829837	-0.00299990675990676	-0.002982937062937063	-0.0027065734265734266	-0.00250004662004662	-0.002997855477855478	-0.0029950582750582753	-0.0029986013986013985	-0.0029984149184149184	-0.003	-0.0015363170163170165	-0.003	-0.003	-0.003	-0.002917855477855478	-0.003	-0.0029504895104895106	-0.0029955244755244755	-0.002980699300699301	-0.003	-0.003	0.011421911421911422	-0.0025818181818181817	-0.0026813986013986017	-0.0026227505827505827	0.004466013986013986
-0.002900263654208845	-0.0029750490743235443	-0.002959975559062392	-0.002858815095646819	-0.0029122291289788694	-0.0029979552365189946	-0.002983959431892537	-0.002999720949924945	-0.0029925907393864746	-0.00272381259381856	-0.0026925974750779415	-0.0029893383626496284	-0.002995669912628459	-0.002999364920518841	-0.0029504830453023364	-0.0029570262884415534	-0.00249863842808206	-0.0021232679650513837	-0.003	-0.0029985614487510106	-0.0029225924714214235	-0.0029820638158654404	-0.00297509718640545	-0.0029987442746622532	-0.0023746968938839924	-0.0029995044455563683	-0.0029994178438089375	-0.002520202263192333	-0.0029658885339286403	-0.002771554212693892	-0.0027303077248758707	-0.0013258535083330127
-0.0029988401634817186	-0.0029933171324422842	-0.0029487462719540486	-0.0029190875952722854	-0.0029998895393792114	-0.0029992267756544792	-0.002994421738650171	-0.003	-0.0029992267756544792	-0.0025172318568430357	-0.002914669170440738	-0.0029956368054788467	-0.003	-0.0029999447696896055	-0.0029995029272064508	-0.003	-0.002356180271733127	-0.003	-0.003	-0.003	-0.002979288633602121	-0.003	-0.002998232630067381	-0.003	-0.003	-0.003	-0.003	-0.002936650833977687	-0.002995360653926875	-0.002964376449795648	-0.0029869104164365404	-0.003
-0.002463495185260775	-0.002998682672504963	-0.002997309683284784	-0.0028336271035493627	-0.0029999628921832384	-0.0029976250997272576	-0.0029666771805480826	-0.003	-0.00297218769133718	-0.0029912425552442623	-0.0029577713045252983	-0.002999628921832384	-0.002999833014824573	-0.0029999814460916195	-0.002998812549863629	-0.003	-0.002991817726404067	-0.003	-0.0027863702989034643	-0.003	-0.0029795164851475963	-0.002959181401562239	-0.0029418149433178098	-0.003	-0.003	-0.003	-0.003	-0.0029983858099708704	-0.0029714084271851866	-0.0029953058611796577	-0.0027576117409132232	-0.0010835482494387443
-0.002807496198228822	-0.0029913230163699793	-0.00278146524733876	-0.0023314249932909923	-0.0029998210931210306	-0.0029994632793630916	-0.0029504427945254495	-0.003	-0.0029945433401914303	-0.00283307988192146	-0.0029373825923606762	-0.0029881026925485284	-0.003	-0.003	-0.0029957062349047323	-0.003	-0.0029099203864388586	-0.003	-0.003	-0.003	-0.0027912156722425976	-0.003	-0.0029078629573307093	-0.003	-0.003	-0.003	-0.003	-0.002990428481975132	-0.0027375436085517488	-0.0029479380982198765	-0.002568834421683514	-0.003
-7.076646552830915E-4	-0.0029385030170753627	-0.0029824752856592632	-0.0013082552317370652	-0.002999679034535884	-0.002998266786493773	-0.0029847220439080755	-0.002999743227628707	-0.002978752086275517	0.0010661830787007318	-0.002826999614841443	-0.0029985877519578892	-0.002996084221337784	-0.002999935806907177	-0.002999293875978945	-0.003	-0.0029151367312877136	-0.0028011297984336884	-0.001028951084863269	-0.003	-0.0029526254974964693	-0.0025618179483887535	-0.002974065990499422	-0.00299839517267942	-0.003	-0.003	-0.003	-0.002993901656181795	-0.0029618051097701887	-0.0028331621517524714	-0.0029162922069585315	0.0077227500320965455
-0.002982393762851268	-0.00297198423577793	-0.00247331220013708	-0.0025772789581905414	-0.002999785812200137	-0.0029959304318026045	-0.0029694996572995204	-0.002999914324880055	-0.002961189170664839	4.81751199451679E-4	-0.0021476610692254972	-0.0029802090472926665	-0.002989290610006854	-0.0029997429746401647	-0.002985178204249486	-0.003	-0.0025092100753941055	-0.003	-0.003	-0.0029973869088416724	-0.0029176233721727213	-0.003	-0.0029706134338588074	-0.0029984150102810143	-0.0029969585332419468	-0.003	-0.0029991432488005484	-0.0027781871144619604	-0.0029395990404386565	-0.0026891706648389307	-0.002528401302261823	-0.0012332933516106923
-0.00299772031060768	-0.00299914511647788	-0.0029795540357626274	-0.002939232029635962	-0.00299871767471682	-0.00299950131794543	-0.00299886015530384	-0.003	-0.0029992875970649	-0.002471539502742751	-0.002977416826957327	-0.00299864643442331	-0.00299978627911947	-0.003	-0.0029992875970649	-0.003	-0.0029598917147538647	-0.003	-0.003	-0.003	-0.002993944575051649	-0.003	-0.00299836147324927	-0.003	-0.003	-0.0029899551186150885	-0.003	-0.002991308684191779	-0.0029952981406283392	-0.002978271710479447	-0.002973569851107787	-0.003
-0.002672188999083608	-0.002987127638623334	-0.002991101334327484	-0.0024831434055037284	-0.0029931405058976823	-0.0029965204727447933	-0.0029915250111006222	-0.0029998641036765405	-0.0029916064035510363	-0.002920028283876519	-0.0029256094804763493	-0.0029975320646285124	-0.0029916798021000705	-0.0029995901308747	-0.0029907830317089	-0.0029995639690156384	-0.002854340942800729	-0.002525879528999331	-0.002454496896549469	-0.0029992325854675235	-0.0029544289483877393	-0.0029327044313102223	-0.002991858574803659	-0.002999144652552344	-0.0029926397969839737	-0.002999245666397054	-0.002999340139776999	-0.002888881863945252	-0.002977658499079611	-0.0029866247495547033	-0.002867280888979971	-0.001471310978024765
-0.002678678803209687	-0.002967446971738995	-0.0029590910033382403	-0.0015382860934292646	-0.002513342594704431	-0.0029950859441414917	-0.0029321984698003276	-0.002999751187045139	-0.002973916108565386	-0.0024353812021812604	-0.00254143772419084	-0.002991726969250866	-0.0029954384291608783	-0.0029960397271351262	-0.003	-0.0029427315515561177	-0.0021803271890356423	-0.003	-0.003	-0.0029994816396773727	-0.0027019428144892076	-0.002975180907752597	-0.0028819589873312736	-0.002997449667212673	-0.0029870617263472185	-0.0029988803417031248	-0.0029992120923096064	0.004193514275643285	-0.002751746874287255	-0.0027522445001969768	-0.002425843372244915	0.01125897281718468
-0.0029818421835971372	-0.0029940854439799657	-0.002989089779595429	-0.002974154554984664	-0.002999831752235754	-0.0029992105297216146	-0.0029902157454023063	-0.002999948231457155	-0.0029979939689647587	-0.002100858063597655	-0.0029455912614699676	-0.002981699820104314	-0.0029989387448716787	-0.003	-0.0029673987601433987	-0.003	-0.002956190870617469	-0.003	-0.003	-0.003	-0.00298710963283161	-0.003	-0.0029719414497780426	-0.002998628133614609	-0.0029940595597085433	-0.002999715273014353	-0.003	-0.0029727568043278504	-0.002989439217259632	-0.0029840682309394697	-0.002876260240464882	-0.003
-0.0029735265615364287	-0.0029906175667342087	-0.0028633600563826977	-0.002694872698440666	-0.002999647608140252	-0.0029963439344551143	-0.002980310104836578	-0.0029999559510175315	-0.002992952162805039	9.61633336269932E-4	-0.002822218306757114	-0.002994934367016122	-0.0029988106774733506	-0.0029999559510175315	-0.002994141485331689	-0.003	-0.0018743282530173553	-0.003	-0.003	-0.003	-0.002944145890229936	-0.003	-0.002985595982732799	-0.003	-0.0029944498282089686	-0.003	-0.003	-0.0028697031098581624	-0.0029581975156373888	-0.0028670161219275835	-0.00262404193463131	-0.0018557836313981147
-0.0029212467076382793	-0.002922827041264267	-0.00293784021071115	-0.001671817383669886	-0.0027323090430201934	-0.0029628621597892887	-0.0029575065847234415	-0.0029984196663740124	-0.0029515364354697105	-0.0025803336259877085	-0.0017244951712028095	-0.0029690956979806847	-0.002950395083406497	-0.002995785776997366	-0.0029927129060579455	-0.003	-6.154521510096577E-5	-0.003	-0.003	-0.0029980684811237927	-0.002884723441615452	-0.003	-0.002915188762071993	-0.0029802458296751535	-0.00286215978928885	-0.0029878841088674278	-0.0029938542581211588	0.007997629499561017	-0.002761896400351185	-0.0027139596136962246	-0.0027660228270412644	0.0963225636523266
-0.0029829977203647416	-0.002703172492401216	-0.0029183130699088145	-0.002068863981762918	-0.002973594224924012	-0.0029946808510638297	-0.0029844224924012158	-0.0029999050151975687	-0.002981003039513678	-0.002668408054711246	-0.001946523556231003	-0.0029462386018237084	-0.0029969604863221886	-0.0029969604863221886	-0.002999050151975684	-0.003	0.0010149126139817628	-0.003	-0.003	-0.002996580547112462	-0.002174772036474164	-0.003	-0.002924392097264438	-0.002998100303951368	-0.002993920972644377	-0.003	-0.002983947568389058	0.011377754559270516	-0.002931325987841945	-0.001978533434650456	-0.0028589475683890577	0.08636873100303952
-0.0028569127849355797	-0.002958994053518335	-0.0027518582755203173	-0.0020343161546085235	-0.001546147175421209	-0.0029939296333002974	-0.002963082259663033	-0.0029995664023785926	-0.0029849479682854314	-0.0027438057482656094	-0.0024743557978196234	-0.0029947968285431122	-0.0029932482656095144	-0.0029980178394449952	-0.002997584241823588	-0.003	0.0024713206144697727	-0.003	-0.003	-0.003	-0.0028648414271556	-0.003	-0.00295304757185332	-0.0029972125867195245	-0.0029731788899900894	-0.0029978320118929634	-0.003	0.02312475222993063	-0.002850966303270565	-0.0026870044598612487	-0.002416377601585728	0.024421518830525277
-0.0025043930585304016	-0.0028372710582681296	-0.0029784499715871837	-0.0023888293919657297	-0.0029991039034838484	-0.0029924050356253005	-0.002981356821261529	-0.0029995847357608078	-0.0029858263758359926	-0.002661920269266075	-0.0027448310530226866	-0.0026910980460724747	-0.002987072168553569	-0.002999694015823753	-0.002994186300651309	-0.0027694190671853827	-0.001814420597106264	-0.002983116230274949	-0.003	-0.002999726799842637	-0.0028591052148446037	-0.00298553131966604	-0.0029882086812082005	-0.0029950605411548717	-0.0029955523014381256	-0.00299802203086069	-0.0029988307033264852	-0.0029548891900161734	-0.0029351532106482495	-0.0029296564234821	-0.0026318791799624076	-0.0012563054596319448
-0.0028848386674849838	-0.002987161815456128	-0.002988499964785544	-0.002722228370778038	-0.0029999496936342325	-0.002998842953587347	-0.0029785091205441136	-0.002999959754907386	-0.0029761950277188078	-0.0029127184553933453	-0.002790634966948718	-0.002975651718968518	-0.0029985813604853557	-0.0029992353432403336	-0.0029984505639343603	-0.002190329104244851	-0.0026941272348602993	-0.003	-0.003	-0.003	-0.002904910907426226	-0.0029880572687667898	-0.0029221056232455658	-0.0029995673652543995	-0.002999698161805395	-0.0029996881005322413	-0.003	-0.0029626424927810366	-0.0028338984415087884	-0.0029475707055970865	-0.0028324395569015305	-0.0011485043917457316
-0.002806421014228384	-0.0029097409704487414	-0.002833163079168187	-0.0021292229113462242	-0.0029997446187522803	-0.0029935425027362277	-0.00293082816490332	-0.002999781101787669	-0.0029412987960598324	-0.002755709595038307	-0.0019002918642831083	-0.002978219627873039	-0.0029952207223641007	-0.0029977745348412988	-0.0029816125501641736	-0.003	-0.0013017876687340386	-0.0029327252827435245	-0.003	-0.003	-0.0024815031010580082	-0.003	-0.0029307916818679313	-0.0029986866107260123	-0.002993214155417731	-0.0029992703392922294	-0.002998723093761401	-0.002560999635169646	-0.002904633345494345	-0.002898796059832178	7.518059102517329E-4	0.0019010580080262678
-0.002969650614942177	-0.0029772379612066327	-0.0029886189806033166	-0.001925839809092578	-0.00298611026127394	-0.002997858410328581	-0.0029852536254053722	-0.0029995716820657163	-0.0029940647371963533	-0.00281680230067919	-0.0028719329376491465	-0.0029981643517102124	-0.0029988986110261275	-0.00299755246894695	-0.002992351465459218	-0.003	-0.0028693630300434436	-0.003	-0.003	-0.003	-0.0029537416630973506	-0.003	-0.00297271002875849	-0.003	-0.0029981643517102124	-0.003	-0.003	-0.0025465336841461175	-0.00294933610720186	-0.002937587958147219	-0.0029358134981337576	0.05091855840420975
-0.0029330636846696804	-0.0029759695455626933	-0.002026568324212864	-0.00263581568720755	-0.0029996034578475693	-0.002994051867713538	-0.0029908795304940915	-0.003	-0.0029919898485208977	-6.041716234435721E-4	-0.002664446030613054	-0.0029855658656515187	-0.0029969069712110397	-0.002998413831390277	-0.002996034578475692	-0.003	-0.0026907764295344594	-0.003	-0.003	-0.003	-0.0027922912205567453	-0.003	-0.002978903957490681	-0.002995479419462289	-0.002654453168371798	-0.003	-0.003	-0.002230866841145214	-0.002958997541438655	-0.002902371322071536	-0.0027994289793004997	-0.0015461971607581887
-0.0029911306133881058	-0.002994118196246849	-0.0029718046867706098	0.005724022033423583	-0.002995892073569228	-0.0029991597423209785	-0.002985248809634955	-0.003	-0.0029987862944636356	0.003940248342825133	-0.0028523013724208756	-0.0029964522453552423	-0.003	-0.0029985062085706284	-0.002999626552142657	-0.003	-0.0029343665390719822	-0.003	-0.003	-0.003	-0.002868266268322286	-0.003	-0.002996172159462235	-0.003	-0.003	-0.003	-0.003	-0.0029324992997852677	-0.002986275791242648	-0.0028274670899075716	-0.002968256932125852	0.05339099990663803
-0.0027025348365547945	-0.0029896449489760506	-0.002992113197732201	-0.0025259764875660826	-0.002999578963747406	-0.0029988543542547163	-0.002992672291161824	-0.002999921437076056	-0.002995121471247114	-0.0029633416243914235	-0.00294791125593131	-0.0029922565941370703	-0.0029991991158238697	-0.002999768887709174	-0.002984925071564722	-0.0029855345062854153	-0.00289595904354598	-0.002982730648922124	-0.002994657721171793	-0.00299985126436729	-0.002982675731150047	-0.0029467602709581857	-0.002990869920392113	-0.0029993463259629107	-0.0029942328711850263	-0.002999886350721673	-0.0029998909272026795	-0.002974460947743452	-0.0029828961649851914	-0.002985446027652624	-0.0024076485201567294	-0.0014979333374521664
-0.002673766520165862	-0.002995286608376947	-0.0029941723222189436	-0.0029373243155099314	-0.0029996622198754483	-0.0029994020903542423	-0.0029955195601869826	-0.0029999767048189967	-0.0029978335481666693	-0.002980797005792735	-0.0029237509900451927	-0.002998280039135904	-0.002999087605410694	-0.0029995108011989253	-0.002999503036138591	-0.003	-0.0029877350872016275	-0.0028937972698047866	-0.002870556444223572	-0.003	-0.002486888695625165	-0.0029801796834961407	-0.0029940519637837587	-0.0029995612740910996	-0.0029990681927598577	-0.0029998912891553166	-0.0029998252861424732	-0.0029924795390660185	-0.002990584864344396	-0.002985813234768834	-0.002959839107949869	-0.0026244273268003293
-0.002384444247809984	-0.0028041310091140074	-0.0029214501510574017	-0.0012731674019390968	-0.0029989634554854695	-0.002994210519662744	-0.002821587935633114	-0.0029996713395441734	-0.002912462551669216	-0.0027119417512545983	-0.0012614999557572465	-0.0029759193012173077	-0.0029732141728501184	-0.0029992162712207207	-0.002994374849890657	-0.002338608755008912	-0.0028175555246558546	-0.0029495379792438283	-0.003	-0.0029970546966843216	-0.002628297665246685	-0.0029595368415730196	-0.0027954088662478353	-0.002997079978257847	-0.0029975097650077743	-0.002998394620081154	-0.0029990266594192823	-0.002925571047541999	-0.0021153851015687218	-0.0028816822359023627	-0.0018485886561579593	0.0017010327522785015
-0.0012760892842434725	-0.0028483375888861432	-0.0027413722098673914	-0.0014807401916371525	-0.00299931362051451	-0.002986217499931362	-0.002379677676193614	-0.002999752903385224	-0.0026693298190703678	-0.0028319743019520633	1.5847129560991663E-4	-0.0028997611399390498	-0.0029764434560579853	-0.0029983526892348243	-0.0029875628037229224	-0.0011387859319660655	-0.0028932268072371856	-0.003	-0.003	-0.003	-0.0018637948548993768	-0.0028435603876671334	-0.0023915932240617193	-0.0029883315487466713	-0.0029988743376437965	-0.002997913406364111	-0.002998297778875985	-0.0029497844768415563	6.54778573977981E-4	-0.0027930154023556543	-7.778052329571973E-4	0.0018201960299810555
-0.0029036595744680854	-0.002937418439716312	-0.0028420425531914895	-0.00240868085106383	-0.0029996028368794326	-0.0026421560283687944	-0.0029880283687943265	-0.00278422695035461	-0.002982808510638298	-0.0028534468085106386	0.054693276595744675	-0.0014691063829787236	-0.002970496453900709	-0.0029988652482269506	-0.002985304964539007	-0.0022265531914893617	-0.002781503546099291	-0.003	-0.002882836879432624	-0.003	-0.002987063829787234	-0.003	-0.002949163120567376	-0.0027387801418439716	-0.0029520567375886527	-0.0029862695035460995	-0.002995404255319149	-0.0028980425531914896	-0.0028926524822695037	-0.0028637163120567377	-0.002691801418439716	-0.0015643120567375888
-0.0026123778501628667	-0.0029786753528773073	-0.0029821064060803473	-0.0023935070575461454	-0.0029995656894679697	-0.002998089033659066	-0.0029651900108577634	-0.002999956568946797	-0.002966210640608035	-0.002962041259500543	-0.002673528773072747	-0.00299014115092291	-0.0029976764386536376	-0.002997611292073833	-0.0029895331161780675	-0.003	-0.0029209337676438653	-0.003	-0.003	-0.003	-0.0029354831704668837	-0.0029627795874049945	-0.0029576547231270358	-0.0029986753528773074	-0.002997871878393051	-0.002999457111834962	-0.0029994353963083606	-0.002966232356134636	-0.0029214766558089034	-0.0029259066232356135	2.8062975027144405E-4	-7.097285559174811E-4
-0.002986961006808335	-0.002996905302248814	-0.0029772230245512688	-0.0028387456158448527	-0.0029996698989065403	-0.002998885908809573	-0.002997524241799051	-0.0029999587373633176	-0.0029992985351763976	0.0019680214565710747	-0.002934268619764803	-0.002994635857231277	-0.002998720858262843	-0.0029999587373633176	-0.0029995048483598104	-0.003	-0.002901712399422323	-0.003	-0.003	-0.003	-0.002992820301217248	-0.003	-0.002980441510212503	-0.003	-0.0029989271714462554	-0.003	-0.003	-0.0029809366618526924	-0.002995296059418197	-0.002926965133072003	-0.0029537445842789355	-0.003
-0.0029264594830090036	-0.0029977926227127507	-0.0029977926227127507	-0.0029546325878594248	-0.0029998838222480397	-0.0029998838222480397	-0.002994830090037758	-0.003	-0.0029981411559686323	-0.0029937844902701133	-0.003	-0.003	-0.003	-0.0029998257333720595	-0.002995585245425501	-0.003	-0.0029900668022073773	-0.003	-0.003	-0.003	-0.002982979959337787	-0.003	-0.002993203601510311	-0.003	-0.0029742666279407495	-0.003	-0.003	-0.002996224223061284	-0.0029957014231774617	-0.002993668312518153	-0.001961893697356956	-0.003
0.0021740463552141374	-0.0029840756981306255	-0.002984504302528766	-0.0021511654742672514	-0.002999175760772807	-0.0029864165375358544	-0.0029717450792918136	-0.002999934060861825	-0.0029827898849362038	-0.002916323233655336	-0.0027975668458013253	-0.002997922917147473	-0.002996703043091227	-0.0029988460650819293	-0.0028619893837987537	-0.003	-0.0029797896541492205	-0.002735847812469091	-0.0029472486894596287	-0.002999175760772807	-0.002880320464211533	-0.002439814051630345	-0.0029729979229171474	-0.002998681217236491	-0.002998417460683789	-0.003	-0.003	-0.0029801523194091855	-0.0029485345026540504	-0.0029213675777257594	-5.212818568461311E-4	-9.042563713692262E-4
-0.0029969886363636366	-0.002994375	-0.0029660227272727273	-0.0028973295454545454	-0.0029948863636363636	-0.002998465909090909	-0.0029970454545454545	-0.003	-0.002999431818181818	0.0012928977272727276	-0.0029176136363636366	-0.0029983522727272728	-0.002998693181818182	-0.0029999431818181817	-0.0029983522727272728	-0.003	-0.0027626704545454547	-0.003	-0.003	-0.003	-0.0029898295454545455	-0.003	-0.002997159090909091	-0.0029982954545454544	-0.00299375	-0.003	-0.003	-0.001990284090909091	-0.002992215909090909	-0.0029745454545454545	-0.0029766477272727275	-0.003
-0.002961131187163923	-0.002988096081626869	-0.0029902217813363567	-0.002263429304738736	-0.002986308919278522	-0.002996898053016525	-0.002990890983096751	-0.0029997953029909383	-0.002992851350606612	-0.002900958139461647	-0.002856176732248439	-0.0029968823070927516	-0.0029965988804648196	-0.002999315052315832	-0.0029975987466244677	-0.0029795224261319354	-0.002930505365423526	-0.0029847500728248976	-0.003	-0.0029997874300290513	-0.0029700748718675452	-0.003	-0.0029903477487265486	-0.002998338805041845	-0.00299798452175693	-0.0029993544171252667	-0.0029994646385916846	-0.002631017895242369	-0.002980427816748939	-0.002947999086736421	-0.002917318154262815	0.09186943480006612
-0.002936790970969806	-0.0029439757984757696	-2.944324858921402E-4	-0.0011421548664843795	-0.0029974693117691548	-0.002991273488859154	-0.0028361742975158534	-0.002999592762813427	-0.002927860841235674	0.023949386235383095	3.321310140205944E-4	-0.0029396125429053464	-0.0029941823259061026	-0.0029951713305020654	-0.002992029786491361	0.0017446913723893186	0.009369480481703416	-0.003	-0.003	-0.0029928442608645064	0.002011664436558264	-0.003	-0.002838734074117168	-0.0029907498981907032	-0.002944557565885159	-0.002998487404735587	-0.002999330967479202	0.017356041654546513	-0.002731427075455233	-0.002491128047006807	-0.002315870614928152	-0.0011816859619524114
-0.0029634355565086854	-0.0029976052612767177	-0.002997998427335764	-0.0029544284795196226	-0.002998355851025806	-0.002999642576309958	-0.0029925298448781187	-0.0029999285152619917	-0.0029971048681106584	-0.002953892343984559	-0.003	-0.002997676746014726	-0.0029992494102509116	-0.0029990706984058904	-0.0029986060476088357	-0.003	-0.0029693687897633858	-0.003	-0.003	-0.003	-0.0029765887483022375	-0.003	-0.002993244692258203	-0.0029990706984058904	-5.698405890342414E-4	-0.003	-0.003	-0.0029572163843019517	-0.0029880977911215956	-0.0029547501608406606	-0.0027723925941811425	-0.003
-0.001847162797222417	-0.0029793785508872837	-0.0028825839938275933	-0.0026552570667040753	-0.0029997194360664938	-0.00299547590657221	-0.0029281405625306866	-0.0029993336606579223	-0.002905625306866802	-0.0029535315985130114	-0.0028623833906151366	-0.0029982464754155854	-0.0029977554885319492	-0.0029964578803394824	-0.002995230413130392	-0.003	-0.002937749877253279	-0.003	-0.002523988216314793	-0.002998877744265975	-0.002942519464122887	-0.00294862172967665	-0.0029453601739496387	-0.0029980360524654555	-0.0029819737672722173	-0.003	-0.003	-0.002890018938065512	-0.0029684014869888475	-0.0029665778214210564	-0.0010818194571087887	-3.73079890580066E-4
-0.002999447208402432	-0.0029984421327704913	-0.0029186391275943515	-0.0029593446906879743	-0.002999396954620835	-0.0029997487310920146	-0.002999195939494447	-0.003	-0.0029985426403336853	-0.0027234534398713505	-0.0029525604301723707	-0.0029987939092416707	-0.0029996984773104176	-0.003	-0.0029935172621739785	-0.003	-0.002946730991507111	-0.003	-0.003	-0.003	-0.0029864314789687925	-0.003	-0.002997487310920147	-0.003	-0.003	-0.003	-0.003	-0.002985928941152822	-0.0029978390873913264	-0.002989999497462184	-0.002989094929393437	-0.003
-0.0029649729421191867	-0.00295343080756523	-0.002977409688148319	-0.002811022930593517	-0.0029998902317208372	-0.0029966685327274126	-0.002992272313146947	-0.0029999286506185445	-0.0029862954303465387	-0.002968348316703439	-0.0028538819551925886	-0.00298431960132161	-0.002991992404035082	-0.0029996103226089727	-0.002879836664800606	-0.003	-0.002691227319129318	-0.002986465571179241	-0.0029933370654548247	-0.003	-0.0029611475175903667	-0.003	-0.002990400763987223	-0.002997908914281951	-0.0029985894776127595	-0.0029994182281204377	-0.0029997365561300095	-0.002829886609367625	-0.0029755491158165114	-0.002980774085904655	-0.0018130316901021942	-0.0016980329524374047
-0.002767373296281593	-0.0029745189890168057	-0.002960772793436549	-0.0020726267037184066	-0.002999137223766045	-0.002997210533280402	-0.002930956728860659	-0.0029998412068281063	-0.0029867407701468836	-0.002874135238851396	-0.0027344237131136694	-0.0028343522561863174	-0.002998322085483658	-0.0029998094481937278	-0.0029512028582770944	-0.003	-0.002551186978959905	-0.0029408336641524417	-0.0029350218340611356	-0.003	-0.0029358105068148736	-0.002984327113934101	-0.0028973508005822415	-0.0029988725684795556	-0.0029900807198623793	-0.002999550086012968	-0.002999878258568215	-0.0027029720788672752	-0.0029394680428741567	-0.0029764403863967183	-1.3910281857880099E-4	-0.0012775228265184597
-0.0026540459572298183	-0.002946202632501514	-0.002958982694330242	-0.002040730471364375	0.0026852152850814293	-0.002993084106192434	-0.0029647512509162763	-0.002999553813302738	-0.002980495267233961	-0.002627689071612965	-0.0024082289575166524	-0.002990725690792619	-0.0029937533862383274	-0.0029976415846001848	-0.002995952449246263	-0.002922236032762852	6.981865697804125E-4	-0.0014435414475571279	-0.003	-0.0029968448226407878	-0.002875482040985435	-0.003	-0.0029526723396118178	-0.0029964305064219014	-0.002991203747968257	-0.0029982471236893265	-0.0029985020875163337	0.002849157025846958	-0.002758899831086465	-0.002689549670140549	-0.0027518245848870194	0.011106351786340313
-7.920336845450302E-4	-0.0028624018113387424	-0.0029582418891945304	0.002415356656967795	-0.002997994021787704	-0.002996375336398574	-0.0028919353717514573	-0.00299984111063665	-0.002964796075432725	-0.0028488167707723016	-0.0024414045819720156	-0.0029158879432764975	-0.0029971300608744875	-0.0029842997447839604	-0.0028479428792738755	-0.003	-0.0015753880376170569	-9.121639738229772E-4	-0.00261434572339348	-0.002998103258225007	-0.0028770494245225872	-0.002615130239625021	-0.002795499458783106	-0.0029980635358841695	-0.002995441861388892	-0.0029997020824437184	-0.002998887774456549	-0.002589529190955223	-0.0028783701923554357	-0.0028667712688308722	-0.0016139882223259417	0.015828697405138085
-0.0020770334682999334	6.014043360155811E-4	-7.21644200707295E-5	0.0016665470760084053	-0.0029815488698682795	-0.0027373276613192558	-0.002282507303572344	-0.0029969760647839683	-0.002847470657577777	0.0016021731331044026	0.027249039003638974	-6.324637384039775E-4	0.00748654605094562	-0.002983598995438471	-0.0019790887191840504	0.0023138229716570136	0.0493608733534929	-0.003	-0.003	-0.0029107170314181742	-0.002243657424017221	-0.002881143970068167	-0.0023805033058274822	-0.002872892214648147	-0.0018704833171031725	-0.0025821844087950386	-0.0029731433550304956	0.030731331044026446	-0.0017072420685767004	-0.0022389421352057813	0.0015821331556557837	0.005566193429347547
-0.002827042249593955	-0.0027841025533783645	-0.0028524435893682427	-0.002429801264490405	-0.002995887269355974	-0.0027792439546344898	-0.0029598207128268402	-0.001998466439420872	-0.0028999003185623566	-0.0025539220811811206	0.004531894574680915	-0.0026222422049812836	-0.0029769965913130766	-0.002997344151906146	-0.0029542023045233067	-0.0022009452309751354	-0.0024371135601608846	-0.002947377959946186	-0.002939340708365573	-0.0029972674738771897	-0.0026037767414625987	-0.0029604132248687762	-0.002880103445631792	-0.0027340945370389735	-0.0029617028099012247	-0.0029806841074328893	-0.002987557247119346	-0.002489282502770865	-0.0028643705082359175	-0.002865924981004761	-0.0027038067156011907	-1.937653791728531E-4
-0.0029273040482342806	-0.00298182601205857	-0.002564771748492679	-0.0024940568475452195	-0.0029995693367786394	-0.0029993970714900947	-0.0029660637381567615	-0.002999913867355728	-0.0029550387596899226	-0.002466494401378122	-0.002893712316968131	-0.0029916451335055987	-0.0029983634797588286	-0.0029996554694229115	-0.0029931093884582255	-0.003	-0.002932988802756245	-0.003	-0.003	-0.0029978466838931957	-0.002900344530577089	-0.003	-0.002946597760551249	-0.003	-0.003	-0.003	-0.003	-0.002975624461670973	-0.0029525409130060293	-0.002906287683031869	-0.0025881998277347117	-0.003
-0.0025210209258084973	-0.0029848763474952444	-0.002997400126823082	-0.0022029486366518707	-0.002999429296131896	-0.0029939124920735573	-0.002991566265060241	-0.00299996829422955	-0.002987856689917565	-0.0029210843373493976	-0.002881230183893469	-0.0029864933417882056	-0.002987698161065314	-0.0029997463538363983	-0.002986398224476855	-0.003	-0.0029694990488268866	-0.003	-0.003	-0.003	-0.0029413443246670895	-0.002938142041851617	-0.0029809131261889664	-0.0029944514901712113	-0.003	-0.0029988902980342424	-0.003	-0.0029732086239695624	-0.0029030120481927713	-0.0029684844641724795	-0.0018538998097653774	-0.0010185161699429296
-0.0029713794698922598	-0.002977857095644127	-0.0028063322096635603	-0.0025916451847445305	-0.0029996695088902107	-0.002996100204904488	-0.0029896886773745786	-0.0029998678035560843	-0.002986515962720603	0.004790997422169344	-0.0027245026108797675	-0.0029576971379469894	-0.0029980170533412654	-0.0029986119373388857	-0.002998545839116928	-0.003	0.002606120695353295	-0.003	-0.003	-0.0029978848568973497	-0.0029331085993786767	-0.003	-0.0029834754445105427	-0.002994183356467711	-0.0028670103774208473	-0.003	-0.003	2.6412849494348613E-4	-0.002949302663758345	-0.002845131865952806	-0.0028588802961200346	-4.784850287527266E-4
-0.0022821915268378605	-0.0028873644201353483	-0.0027904885510336517	-7.058496338184853E-4	-0.0029988875498284974	-0.002996848057847409	-0.0020098266431816075	-0.002999814591638083	-0.0018421247798275702	-0.0028254380272550294	-0.002317789932325948	-0.0029312134977287478	-0.002948734587929916	-0.0029999072958190416	-0.0029507740799110042	-0.003	-0.0019287104848428665	-0.003	-0.003	-0.003	-4.8632613330861245E-4	-0.0028936683044405304	-4.930935385185874E-4	-0.003	-0.003	-0.003	-0.003	-0.0029747844627792713	0.002489292667099286	-0.0025424121627885417	0.00726930564568462	0.010495781959766387
3.6520462470177994E-4	-0.0029487612405946044	-0.00298383189576069	-0.0021341163516241514	-0.0026245733162048083	-0.002993741971003854	-0.002965590016516792	-0.0029996146081849883	-0.0029815562488530005	-0.002904936685630391	-0.0026629106258028996	-0.0028731877408698847	-0.0029935951550743257	-0.0029985134887135253	-0.00283514406313085	-0.0027848963112497706	-0.0028961827858322627	-0.003	-0.0029711139658652966	-0.002999174160396403	-0.0027527986786566342	-0.0019650211047898694	-0.002973334556799413	-0.002993007891356212	-0.002804055790053221	-0.0029980179849513674	-0.002999210864378785	-0.002948082216920536	-0.0029552211414938523	-0.002859864195265186	0.0010141677371994862	-0.0013683795191778308
0.00241250301713734	-0.0029526430123099205	-0.0029339608979000727	0.004096210475500845	-0.0029996620806179096	-0.0029937243543326094	-0.002601351677528361	-0.0029996138064204685	-0.002944098479362781	-6.894038136615981E-4	-7.448225923244027E-4	-0.0029570842384745353	-0.002997006999758629	-0.002991938209027275	-0.0029885107410089306	-0.003	0.0011077962828867968	-0.00255394641564084	-0.0017639391745112238	-0.003	-0.0024950036205648083	-0.002519382090272749	-0.0025522568187303887	-0.0029958484190200337	-0.002998744870866522	-0.003	-0.003	-0.0029696838040067586	-0.0026565290852039584	-9.657735940139995E-4	0.003698141443398503	-6.792662321988899E-4
-0.0024037778053933143	-0.0029842177208897727	-0.0029827264819187274	-0.0026216975270287064	-0.002999875730085746	-0.002998409345097552	-0.002982279110227414	-0.002999900584068597	-0.0029727351808127253	-0.0029202684230147883	-0.003	-0.0029538958618118556	-0.0029959488007953276	-0.003	-0.002985385858083758	-0.003	-0.0029275754939729094	-0.003	-0.003	-0.003	-0.0028900956878339756	-0.003	-0.0029223313035914005	-0.002997191499937865	-0.003	-0.003	-0.0029994532123772833	-0.0029903318006710574	-0.0029160183919473095	-0.0029721386852243075	-0.0025089350068348455	-0.001948527401516093
-0.0024127121392281915	-0.0028205599394660035	-0.0027618635823154253	-0.0016668468273700141	-0.00298346124743271	-0.0029537347313803915	-0.0027664036320397796	-0.002999675710733975	-0.00294384390876662	-0.002094260079991352	-1.3009404388714726E-4	-0.0026192844016863044	-0.0029225489136309587	-0.0029981083126148526	-0.0029938385039455194	-0.002487460815047022	-0.002672575937736461	-0.003	-0.003	-0.003	-0.0024749756783050483	-0.003	-0.002704194141173927	-0.002968219651929521	-0.0029985947465138905	-0.0029876770078910387	-0.002997189493027781	-0.002680575072965085	7.400821532807262E-4	-0.002800345908550427	-0.002462220300508053	7.541346881418227E-4
-0.003	-0.003	-0.003	-0.003	-0.003	-0.003	-0.003	-0.003	-0.003	-0.003	-0.003	-0.003	-0.003	-0.003	-0.003	-0.003	-0.003	-0.003	-0.003	-0.003	-0.003	-0.003	-0.003	-0.003	-0.003	-0.003	-0.003	-0.003	-0.003	-0.003	-0.003	-0.003
-0.0029175238451468115	-0.002997063774078923	-0.0029910604077052552	-0.002595848139143445	-0.0029998503833925565	-0.0029995885543295307	-0.0029800635870581636	-0.0029999251916962783	-0.002987937161024874	-0.0029879558631008044	-0.003	-0.002992612680007481	-0.002998952683747896	-0.0029994202356461567	-0.0029976622405086966	-0.003	-0.002970001870207593	-0.003	-0.003	-0.003	-0.0029728071815971575	-0.003	-0.002982756685992145	-0.002998728258836731	-0.002998765662988592	-0.003	-0.003	-0.002993267252665046	-0.0029677950252478026	-0.0029833925565737798	-0.0022763979801757993	-0.0021528520665793902
-0.0021066378257478774	-0.002917538515869863	-0.002944319369031328	-0.002760693947821481	-0.0029994702688385644	-0.0029908179932017836	-0.0028177724804661635	-0.0029997939934372194	-0.0028337821333451053	-0.0027329124913550817	-0.0018816492296826028	-0.0029944378228049266	-0.002988787357082947	-0.002982371724127783	-0.002992127606350888	-0.003	-0.002854824232257685	-0.002390485439750438	-0.0026141055636486705	-0.002997439632719728	-0.0027941405847643434	-0.002881943524772289	-0.0027344133963124826	-0.0029985579540605365	-0.002996115304816139	-0.002999087685221972	-0.0029966891802410277	-0.0029693344516546743	-0.0024262717226563074	-0.0027058520578584146	-0.0023026824997424917	4.7533071410703516E-4
-0.0029400213257508444	-0.0026721165807712813	-0.0024908476985960547	-0.0018360582903856407	-0.002998667140572241	-0.0029331793140216812	-0.0029177181446596767	-0.0029993779989337123	-0.002928025590901013	0.031529767193886615	6.726497245423848E-4	-0.002943486760263018	-0.0029788519637462237	-0.002997689710325218	-0.0029911142704816067	-9.080326994846278E-4	0.0065673538297494225	-0.003	-0.003	-0.002987915407854985	-0.002594099875599787	-0.003	-0.002910520703749778	-0.0029636573662697708	-0.002988181979740537	-0.0029872045494935134	-0.002995557135240803	-0.002757064154967123	-0.0025607783899058113	-0.0020089745868135775	-0.0024130087080149283	-0.0020852141460813932
-0.0024533851981796456	-6.502300866956501E-4	-0.0024446647852947906	-0.002625378181171027	-0.002996720311189078	-0.002979915084026136	-0.002562975109958559	-0.0029989703302570362	-0.0029000838990160933	7.809091602471205E-4	0.018050975008262783	-0.002574288765159027	-0.002972618412020441	-0.002999110161950525	-0.0029937838456258106	-0.002644573259095416	-0.0027395189789743983	-0.003	-0.003	-0.0029974448936007933	-4.633132484173595E-4	-0.003	-0.0028577276078610835	-0.002988889736353698	-0.002996351663997153	-0.00299608471258231	-0.0029986271070093816	-0.002949546182594768	-0.00240014745887677	-0.001925990898227951	-0.0017166501411028908	-0.0016318485749879238
-0.0029129688460750153	-0.002992980118876819	-0.0029907255585160893	-0.0026620465259274443	-0.002999871899979504	-0.002999205779872925	-0.0029620055339208856	-0.002999948759991802	-0.0029942098790735807	-0.0029851147776183643	-0.0029335929493748717	-0.0029964131994261118	-0.002999077679852429	-0.002999000819840131	-0.002996182619389219	-0.003	-0.0029752254560360732	-0.003	-0.003	-0.003	-0.0029613650338184056	-0.003	-0.0029712031153924985	-0.0029983859397417502	-0.0029993082598893214	-0.003	-0.003	-0.002994594179135069	-0.002895803443328551	-0.002979657716745235	-0.0013232475917196148	-0.0019443789711006355
-0.0026156746385864716	-0.0028163483847938606	-0.0028888764947349634	-0.0013689987506692843	-0.0029963635552382652	-8.254060324825985E-4	-0.0028467338925575584	-0.0025162636087810103	-0.0029593521327860076	-0.002645725504194182	0.002826053007317509	-0.002565924504729609	-0.002233245582723541	-0.0029939318222380867	-0.002898179546671426	1.4278065322148679E-5	0.0019580804925932536	-0.003	-0.003	-0.002996095841513475	-0.0029730501517044442	-0.002968722113153668	-0.002905497055149027	0.0016073085846867747	-0.0019949357487060505	-0.0027768829198643583	-0.0029606460824558273	-0.0012728002855613065	-0.0028442352311261825	-0.002835646082455827	-0.0024776459039800107	0.00471423790826343
-0.0029456394473622587	-0.002974776703576088	-0.0029491185227310743	-0.002820392734084903	-0.002999832736761115	-0.002936005084802462	-0.00299063325862242	-0.002963536613922992	-0.0029951493660723247	-0.00296310172950189	-0.0015859231258154084	-0.0027254206670457967	-0.002995784966380089	-0.0029996654735222296	-0.0029969223564045096	-0.002253470712206871	-0.0029160673067273276	-0.003	-0.001331984076539658	-0.003	-0.0029851804770347572	-0.003	-0.002984043087010337	-0.0029834074867025728	-0.002971531796741712	-0.0029984611782022546	-0.002999063325862242	-0.00297852340012712	-0.002881075837152511	-0.00297521158799719	-0.0029041916167664673	-0.0017708493627270599
-0.002842644978783593	-0.0029705863443487204	-0.002981676739102482	-0.002365693712228366	-0.002867108139385367	-0.002996013887102996	-0.0029773048733444775	-0.00299977497749775	-0.0029924456731387425	-0.0027962903433200463	-0.0027074707470747077	-0.002967018130384467	-0.002992992156358493	-0.002998746303201749	-0.002995885302815996	-0.002988009515237238	-0.0014258068664009258	-0.003	-0.003	-0.0029991963482062494	-0.002875337533753375	-0.003	-0.002965700141442716	-0.0029976854828339975	-0.002247653336762248	-0.003	-0.0029983926964124983	0.0018731516008743728	-0.0029634820624919633	-0.002871769319789122	-0.002683875530410184	0.003338273113025588
-5.676525982364522E-4	-0.002964215392517764	-0.0029839696943754815	-0.0010433289101960449	-0.0029998715863367863	-0.0024919634449105388	-0.002888515538053249	-0.0029998929886139885	-0.00292313372142796	-0.0016545351425391662	-0.001791220785891619	-0.0029977527608937593	-0.002964493622121394	-0.002993600719116514	-0.0029932047769882716	-0.003	-0.0029437334132351683	-0.0022228833147846933	-0.0017800916017464258	-0.0029992188168821163	-0.002863025425905316	-0.0029315876209228663	-0.0028523456895813717	-0.002970122421025597	-0.0029994435407927405	-0.0029774848043831862	-0.003	-0.0029825143395257256	-0.002818037839226094	-0.0028710405787175756	-0.0026529727763033987	0.010942192449276602
-0.0029748434704830054	-0.002996459451401312	-0.002994782349433512	-0.0029192754919499108	-0.003	-0.0029935524746571257	-0.0029937760882528326	-0.002999962731067382	-0.002997279367918903	-0.0029818500298151463	-0.002892180977936792	-0.00299899373881932	-0.0029897137745974957	-0.003	-0.002998844663088849	-0.0018495453190220633	-0.0029901982707215267	-0.003	-0.003	-0.003	-0.0029819618366129994	-0.003	-0.0029869931425163983	-0.002995751341681574	-0.003	-0.002998695587358378	-0.003	-0.00299481961836613	-0.00294920244484198	-0.002982744484197973	-0.0022767963625521764	-0.0014771541443053071
-0.0025607574636072046	-0.0029930298544288184	-0.0029924130273871205	-0.0027545645201085614	-0.0029996915864791513	-0.002996545768566494	-0.002962496915864792	-0.0029999383172958304	-0.002986368122378485	-0.002978657784357266	-0.0029430051813471502	-0.0029852578337034295	-0.0029990130767332842	-0.0029994448556624723	-0.0029790278805822846	-0.003	-0.002946089316555638	-0.003	-0.003	-0.003	-0.0029386873920552677	-0.0029092647421662967	-0.0029668147051566743	-0.0029974710091290402	-0.003	-0.003	-0.003	-0.002990870959782877	-0.002967554897606711	-0.0029774241302738713	-0.0010941894892672096	-0.0016177522822600544
-5.105428443248094E-4	-0.0029809011087611357	-0.002990450554380568	-0.002287444722168814	-0.002999230917131321	-0.002996603217330001	-0.002972697558161892	-0.0029996154585656605	-0.0029930141639428315	-0.0029550727424213293	-0.003	-0.0029730820995962316	-0.002997692751393963	-0.0029992950073703777	-0.002801448439402679	-0.003	-0.0029435364993911427	-0.003	-0.003	-0.003	-0.00290879958982247	-0.0024606165480997246	-0.002981477920912645	-0.002993398705377171	-0.00292892392488624	-0.003	-0.003	-0.0029785297699160417	-0.002964558097801705	-0.0029311670832532204	0.005520284560661411	2.0457604306864038E-4