-0.02	-0.02	-0.02	-0.02	-0.02	-0.02	-0.02	-0.02	-0.02	-0.02	-0.02	-0.02	-0.02	-0.02	-0.02	-0.02	-0.02	-0.02	-0.02	-0.02	-0.02	-0.02	-0.02	-0.02	-0.02	-0.02	-0.02	-0.02	-0.02	-0.02	-0.02	-0.02	-0.02	-0.02	-0.02	-0.02	-0.02	-0.02	-0.02	-0.02	-0.02	-0.02	-0.02	-0.02	-0.02	-0.02	-0.02	-0.02	-0.02	-0.02	-0.02	-0.02	-0.02	-0.02	-0.02	-0.02	-0.02	-0.02	-0.02	-0.02	-0.02	-0.02	-0.02	-0.02	-0.02	-0.02	-0.02	-0.02	-0.02	-0.02	-0.02	-0.02	-0.02	-0.02	-0.02	-0.02	-0.02	-0.02	-0.02	-0.02	-0.02	-0.02	-0.02	-0.02	-0.02	0.48	-0.02	-0.02	-0.02	-0.02	-0.02	-0.02	0.48	-0.02	-0.02	-0.02	-0.02	-0.02	-0.02	-0.02	-0.02	-0.02	-0.02	-0.02	-0.02	-0.02	-0.02	-0.02	-0.02	-0.02	-0.02	-0.02	-0.02	-0.02	-0.02	-0.02	-0.02	-0.02	-0.02	-0.02	-0.02	-0.02	-0.02	-0.02	-0.02	-0.02	-0.02	-0.02	-0.02	-0.02	-0.02	-0.02	-0.02	-0.02	-0.02	-0.02	-0.02	-0.02	-0.02	-0.02	-0.02	-0.02	-0.02	-0.02	-0.02	-0.02	-0.02	-0.02	-0.02
-0.02	-0.02	-0.02	-0.02	-0.02	-0.02	-0.02	-0.02	-0.02	-0.02	-0.02	-0.02	-0.02	-0.02	-0.02	-0.02	-0.02	-0.02	-0.02	-0.02	-0.02	-0.02	-0.02	-0.02	-0.02	-0.02	-0.02	-0.02	-0.02	-0.02	-0.02	-0.02	-0.02	-0.02	-0.02	-0.02	-0.02	-0.02	-0.02	-0.02	-0.02	-0.02	-0.02	-0.02	-0.02	-0.02	-0.02	-0.02	-0.02	-0.02	-0.02	-0.02	-0.02	-0.02	-0.02	-0.02	-0.02	-0.02	-0.02	-0.02	-0.02	-0.02	-0.02	-0.02	-0.02	-0.02	-0.02	-0.02	-0.02	-0.02	-0.02	-0.02	-0.02	-0.02	-0.02	-0.02	-0.02	-0.02	-0.02	-0.02	-0.02	-0.02	-0.02	-0.02	-0.02	-0.02	-0.02	-0.02	-0.02	-0.02	-0.02	-0.02	0.98	-0.02	-0.02	-0.02	-0.02	-0.02	-0.02	-0.02	-0.02	-0.02	-0.02	-0.02	-0.02	-0.02	-0.02	-0.02	-0.02	-0.02	-0.02	-0.02	-0.02	-0.02	-0.02	-0.02	-0.02	-0.02	-0.02	-0.02	-0.02	-0.02	-0.02	-0.02	-0.02	-0.02	-0.02	-0.02	-0.02	-0.02	-0.02	-0.02	-0.02	-0.02	-0.02	-0.02	-0.02	-0.02	-0.02	-0.02	-0.02	-0.02	-0.02	-0.02	-0.02	-0.02	-0.02	-0.02	-0.02
-0.01972512369433755	0.003639362286970864	-0.017800989554700386	-0.0015832875206157233	-0.01972512369433755	-0.01972512369433755	-0.018075865860362837	-0.01862561847168774	-0.01422759758108851	-0.02	-0.02	-0.01725123694337548	-0.019175371083012645	-0.019450247388675096	-0.02	-0.012028587135788896	-0.02	-0.01835074216602529	0.007487630566245188	-0.0076305662451896655	0.25322704782847716	-0.02	-0.02	-0.02	-0.02	-0.019175371083012645	-0.02	-0.02	-0.01972512369433755	0.018207806487080817	-0.019450247388675096	-0.01972512369433755	-0.02	-0.01972512369433755	-0.014777350192413413	-0.02	-0.02	-0.019450247388675096	-0.01862561847168774	-0.02	-0.01697636063771303	-0.01725123694337548	-0.019450247388675096	-0.02	-0.019450247388675096	-0.02	-0.019450247388675096	-0.01972512369433755	-0.02	-0.02	-0.01972512369433755	-0.01560197910940077	-0.01972512369433755	-0.02	0.009411764705882352	-0.01972512369433755	-0.01862561847168774	-0.02	-0.01835074216602529	0.014634414513468936	-0.015052226498075867	-0.012028587135788896	-0.013677844969763608	-0.01862561847168774	-0.019450247388675096	-0.019450247388675096	-0.019450247388675096	-0.01972512369433755	-0.02	-0.012853216052776251	-0.01972512369433755	-0.02	-0.02	-0.02	-0.01972512369433755	-0.02	-0.019450247388675096	-0.010379329301814184	-0.02	0.015184167124793844	-0.012578339747113799	-0.02	-0.02	-0.014777350192413413	-0.019450247388675096	-0.01697636063771303	-0.01972512369433755	-0.02	-0.009004947773501925	-0.02	-0.019450247388675096	-0.02	0.009136888400219902	-0.01972512369433755	-0.02	-0.02	-0.01972512369433755	-0.01725123694337548	-0.02	-0.0002089059923034639	-0.019450247388675096	0.008312259483232547	-0.019175371083012645	-0.01862561847168774	-0.01422759758108851	-0.0010335349092908189	-0.019450247388675096	-0.018075865860362837	-0.01972512369433755	-0.02	-0.01972512369433755	-0.01862561847168774	-0.01972512369433755	-0.013402968664101154	-0.01972512369433755	-0.01972512369433755	-0.02	-0.01890049477735019	-0.02	-0.01890049477735019	-0.02	0.04542056074766354	-0.004057174271577792	-0.02	-0.019175371083012645	0.0610885101704233	-0.01972512369433755	-0.014502473886750963	0.0030896096756459594	-0.019450247388675096	-0.018075865860362837	-0.013402968664101154	-0.02	-0.02	-0.02	-0.014502473886750963	-0.02	-0.02	-0.00845519516217702	-0.02	-0.014502473886750963	-0.02	-0.01725123694337548	0.0030896096756459594	-0.02	-0.02	-0.0076305662451896655	-0.02	-0.016151731720725673
-0.02	-0.02	-0.02	-0.02	-0.02	-0.02	-0.02	-0.02	-0.02	-0.02	-0.02	-0.02	-0.02	-0.02	-0.02	-0.02	-0.02	-0.02	-0.02	-0.02	0.11636363636363635	-0.02	-0.02	-0.02	-0.02	-0.02	-0.02	-0.02	-0.02	-0.02	-0.02	-0.02	-0.02	-0.02	-0.02	-0.02	-0.02	-0.02	-0.02	-0.02	-0.02	-0.02	-0.02	-0.02	-0.02	-0.02	-0.02	-0.02	-0.02	-0.02	-0.02	-0.02	-0.02	-0.02	-0.02	-0.02	-0.02	-0.02	-0.02	-0.02	-0.02	-0.02	-0.02	0.13151515151515153	-0.02	-0.02	-0.02	-0.02	-0.02	-0.02	-0.02	-0.02	-0.02	-0.02	-0.02	-0.02	-0.02	-0.02	-0.02	-0.02	-0.02	-0.02	-0.02	-0.02	-0.02	0.07090909090909091	-0.02	-0.02	-0.02	-0.02	-0.02	-0.02	-0.02	-0.02	-0.02	-0.02	-0.02	0.16181818181818183	-0.02	-0.02	-0.02	-0.02	-0.02	-0.02	-0.02	-0.02	-0.02	-0.02	-0.02	-0.02	-0.02	-0.02	-0.02	-0.02	-0.02	-0.02	-0.02	-0.02	-0.02	-0.02	-0.02	-0.02	-0.02	-0.02	-0.02	0.35878787878787877	-0.02	-0.02	-0.02	-0.02	-0.02	-0.02	-0.02	-0.02	-0.02	-0.02	-0.02	-0.02	-0.02	-0.02	-0.02	-0.02	0.040606060606060604	-0.02	-0.02	-0.02	-0.02	-0.02	-0.02
-0.02	-0.02	-0.02	0.026413502109704643	-0.02	-0.02	-0.02	-0.02	0.15510548523206752	-0.02	-0.02	-0.02	-0.02	-0.02	0.06368495077355836	-0.02	-0.02	-0.02	-0.02	-0.02	-0.0003094233473980301	-0.02	-0.02	-0.02	-0.02	-0.02	-0.02	-0.02	-0.02	-0.02	-0.02	-0.02	-0.02	-0.02	-0.02	-0.02	-0.02	-0.02	-0.02	-0.02	-0.02	-0.02	-0.02	-0.02	-0.02	-0.02	-0.02	-0.02	-0.008748241912798875	-0.02	-0.02	-0.02	-0.02	-0.02	0.07915611814345991	-0.02	-0.02	-0.02	-0.011561181434599157	-0.02	-0.02	-0.02	-0.02	0.0250070323488045	-0.02	-0.02	-0.02	-0.02	-0.02	-0.012264416315049226	-0.02	-0.02	-0.02	-0.02	-0.02	-0.02	-0.02	-0.02	-0.02	-0.02	-0.02	-0.02	-0.02	-0.02	0.09884669479606188	0.03485232067510549	-0.02	-0.02	-0.02	-0.02	-0.02	-0.02	-0.02	-0.02	-0.02	-0.02	-0.02	-0.02	-0.02	-0.02	-0.02	-0.02	-0.02	-0.02	-0.02	-0.02	-0.02	-0.02	-0.02	-0.02	-0.02	-0.02	-0.02	-0.008748241912798875	-0.02	-0.02	-0.02	-0.02	-0.02	-0.02	-0.02	0.0025035161744022504	-0.02	-0.02	-0.02	0.06860759493670886	-0.02	-0.02	0.11291139240506327	0.013755274261603372	-0.02	-0.008748241912798875	-0.02	-0.02	-0.02	-0.02	-0.02	-0.02	-0.012264416315049226	-0.02	-0.008748241912798875	-0.02	-0.02	-0.02	-0.02	-0.02	-0.02	-0.02	-0.009451476793248946
-0.02	-0.02	-0.02	-0.02	-0.02	-0.02	-0.02	-0.02	-0.02	-0.02	-0.02	-0.02	-0.02	-0.02	-0.02	-0.02	-0.02	-0.02	-0.02	-0.02	-0.02	-0.02	-0.02	-0.02	-0.02	-0.02	-0.02	-0.02	-0.02	-0.02	-0.02	-0.02	-0.02	-0.02	-0.02	-0.02	-0.02	-0.02	-0.02	-0.02	-0.02	-0.02	-0.02	-0.02	-0.02	-0.02	-0.02	-0.02	-0.02	-0.02	-0.02	-0.02	-0.02	-0.02	-0.02	-0.02	-0.02	-0.02	-0.02	-0.02	-0.02	-0.02	-0.02	-0.02	-0.02	-0.02	-0.02	-0.02	-0.02	-0.02	-0.02	-0.02	-0.02	-0.02	-0.02	-0.02	-0.02	-0.02	-0.02	-0.02	-0.02	-0.02	-0.02	-0.02	-0.02	-0.02	-0.02	-0.02	-0.02	-0.02	-0.02	-0.02	-0.02	-0.02	-0.02	-0.02	-0.02	-0.02	-0.02	-0.02	-0.02	-0.02	-0.02	-0.02	-0.02	-0.02	-0.02	-0.02	-0.02	-0.02	-0.02	-0.02	-0.02	-0.02	-0.02	-0.02	-0.02	-0.02	-0.02	-0.02	-0.02	-0.02	-0.02	-0.02	-0.02	0.98	-0.02	-0.02	-0.02	-0.02	-0.02	-0.02	-0.02	-0.02	-0.02	-0.02	-0.02	-0.02	-0.02	-0.02	-0.02	-0.02	-0.02	-0.02	-0.02	-0.02	-0.02	-0.02	-0.02
-0.02	-0.02	0.011989763275751759	-0.008483685220729367	-0.02	-0.02	-0.02	-0.02	-0.02	-0.02	-0.02	-0.02	-0.02	-0.02	-0.02	-0.00528470889315419	-0.02	-0.02	0.00943058221369162	-0.02	0.15914267434420987	-0.02	-0.02	-0.02	-0.02	-0.02	-0.02	-0.02	-0.02	-0.02	-0.02	-0.02	-0.02	-0.02	-0.02	-0.02	-0.02	-0.02	-0.02	-0.02	0.010070377479206652	-0.02	-0.02	-0.02	-0.02	-0.02	-0.02	-0.02	-0.02	-0.02	-0.02	-0.02	-0.02	-0.02	-0.013602047344849648	-0.02	-0.02	-0.02	-0.02	-0.02	-0.02	-0.02	-0.02	-0.02	-0.02	-0.02	-0.02	-0.02	-0.02	-0.02	-0.02	-0.02	-0.02	-0.02	-0.02	-0.02	-0.02	-0.02	-0.02	0.09580294305822136	-0.02	-0.02	-0.02	-0.02	-0.02	-0.02	-0.02	-0.02	-0.02	-0.02	-0.02	-0.02	-0.02	-0.02	-0.02	-0.02	-0.02	-0.02	-0.02	-0.02	-0.02	0.11947536788227768	-0.02	-0.02	-0.02	-0.02	-0.02	-0.02	-0.02	-0.02	-0.02	-0.02	-0.02	0.06893154190658989	-0.02	-0.02	-0.02	-0.02	-0.02	-0.02	-0.02	0.08748560460652591	-0.02	-0.02	-0.02	-0.0046449136276391564	-0.02	-0.02	-0.02	-0.02	-0.02	-0.02	-0.02	-0.02	-0.02	-0.02	-0.02	-0.02	-0.02	-0.02	-0.02	-0.02	-0.02	0.20968650031989763	-0.02	-0.02	-0.02	-0.02	-0.02
-0.02	-0.02	-0.02	-0.02	-0.02	-0.02	-0.02	-0.02	-0.02	-0.02	-0.02	-0.02	-0.02	-0.02	-0.02	-0.02	-0.02	-0.02	0.21118279569892473	-0.02	0.14129032258064517	-0.02	-0.02	-0.02	-0.02	-0.02	-0.02	-0.02	-0.02	-0.02	-0.02	-0.02	-0.02	-0.02	-0.02	-0.02	-0.02	-0.02	-0.02	-0.02	-0.02	-0.02	-0.02	-0.02	-0.02	-0.02	-0.02	-0.02	-0.02	-0.02	-0.02	-0.02	-0.02	-0.02	-0.02	-0.02	-0.02	-0.02	-0.02	-0.02	-0.02	-0.02	-0.02	-0.02	-0.02	-0.02	-0.02	-0.02	-0.02	0.20580645161290323	-0.02	-0.02	-0.02	-0.02	-0.02	-0.02	-0.02	-0.02	-0.02	-0.02	-0.02	-0.02	-0.02	-0.02	-0.02	0.09827956989247312	-0.02	-0.02	-0.02	-0.02	-0.02	-0.02	-0.009247311827956989	-0.02	-0.02	-0.02	-0.02	-0.02	-0.02	-0.02	-0.02	-0.02	-0.02	-0.02	-0.02	-0.02	-0.02	-0.02	-0.02	-0.02	-0.02	-0.02	-0.02	-0.02	-0.02	-0.02	-0.02	-0.02	-0.02	-0.02	-0.02	-0.02	-0.02	-0.02	-0.02	-0.02	-0.02	-0.02	-0.02	-0.02	-0.02	0.0875268817204301	-0.02	-0.02	-0.02	-0.02	-0.02	-0.02	-0.02	-0.02	-0.02	-0.02	-0.02	0.12516129032258067	-0.02	-0.02	-0.02	-0.02	-0.02
-0.02	-0.02	0.014782608695652174	-0.010434782608695653	-0.02	-0.02	-0.013043478260869566	-0.02	-0.014782608695652174	-0.018260869565217393	-0.02	-0.02	-0.02	-0.019130434782608695	-0.02	-0.013043478260869566	-0.02	-0.02	0.0034782608695652154	-0.02	0.14521739130434783	-0.02	-0.02	-0.01565217391304348	-0.018260869565217393	-0.017391304347826087	-0.02	-0.02	-0.02	-0.00608695652173913	-0.02	-0.01391304347826087	-0.02	-0.019130434782608695	-0.02	-0.02	-0.02	-0.014782608695652174	-0.019130434782608695	-0.02	-0.01217391304347826	-0.019130434782608695	-0.02	-0.019130434782608695	-0.018260869565217393	-0.02	-0.02	-0.02	-0.02	-0.02	-0.02	-0.02	-0.02	-0.02	0.0017391304347826077	-0.02	-0.02	-0.02	0.0034782608695652154	-0.02	-0.00608695652173913	-0.00782608695652174	-0.02	-0.019130434782608695	-0.02	-0.018260869565217393	-0.02	-0.02	-0.019130434782608695	-0.014782608695652174	-0.02	-0.017391304347826087	-0.01565217391304348	-0.02	-0.02	-0.02	-0.02	-0.006956521739130436	-0.019130434782608695	0.015652173913043476	-0.01565217391304348	-0.018260869565217393	-0.017391304347826087	-0.01391304347826087	-0.01652173913043478	-0.017391304347826087	-0.02	-0.019130434782608695	-0.02	-0.02	-0.02	-0.02	0.028695652173913042	-0.02	-0.02	-0.02	-0.02	-0.02	-0.02	0.010434782608695653	-0.02	0.09043478260869565	-0.02	-0.02	-0.01391304347826087	-0.009565217391304347	-0.019130434782608695	-0.02	-0.02	-0.02	-0.02	-0.019130434782608695	-0.02	-0.01217391304347826	-0.02	-0.02	-0.02	-0.02	-0.02	-0.017391304347826087	-0.017391304347826087	0.022608695652173914	-0.01652173913043478	-0.02	-0.02	0.0626086956521739	-0.02	-0.01391304347826087	-0.011304347826086957	-0.00782608695652174	-0.02	0.022608695652173914	-0.02	-0.02	-0.02	0.04608695652173912	-0.02	-0.02	-0.018260869565217393	-0.02	-0.019130434782608695	-0.02	-0.019130434782608695	0.0008695652173913056	-0.02	-0.018260869565217393	-0.0052173913043478265	-0.02	-0.00608695652173913
-0.02	-0.02	-0.02	-0.02	-0.02	-0.02	-0.02	-0.02	0.007355623100303951	-0.02	-0.02	-0.02	-0.02	-0.02	-0.02	-0.0078419452887538	-0.02	-0.02	-0.01696048632218845	-0.02	0.14717325227963526	-0.02	-0.02	-0.02	-0.02	-0.02	-0.02	-0.02	-0.02	-0.02	-0.02	-0.02	-0.02	-0.02	-0.02	-0.02	-0.02	-0.02	-0.02	-0.02	-0.02	-0.02	-0.02	-0.02	-0.02	-0.02	-0.02	-0.02	-0.02	-0.02	-0.02	-0.02	-0.02	-0.02	-0.0017629179331307004	-0.02	-0.02	-0.02	-0.02	-0.02	-0.02	-0.02	-0.02	-0.02	-0.02	-0.02	-0.02	-0.02	-0.02	0.0012765957446808501	-0.02	-0.02	-0.02	-0.02	-0.02	-0.02	-0.02	-0.02	-0.02	-0.0017629179331307004	-0.02	-0.02	-0.02	-0.02	-0.02	-0.01088145896656535	-0.02	-0.02	-0.02	-0.02	-0.02	-0.02	0.1198176291793313	-0.02	-0.02	-0.02	-0.02	-0.02	-0.02	0.02559270516717325	-0.0017629179331307004	-0.0139209726443769	-0.02	-0.02	-0.02	-0.0078419452887538	-0.02	-0.02	-0.02	-0.02	-0.02	-0.02	-0.02	-0.02	-0.02	-0.02	-0.01088145896656535	-0.02	-0.02	-0.02	-0.02	0.0012765957446808501	-0.02	-0.02	-0.02	0.01951367781155015	-0.02	0.004316109422492401	-0.0139209726443769	0.16237082066869302	-0.02	0.03775075987841946	-0.02	-0.02	-0.02	-0.02	-0.02	-0.02	-0.02	-0.02	-0.02	-0.02	-0.0139209726443769	-0.02	-0.02	-0.02	-0.02	-0.02	0.13501519756838906
-0.02	-0.02	-0.006486486486486486	-0.009864864864864865	-0.02	-0.02	-0.013243243243243243	-0.02	-0.006486486486486486	-0.02	-0.02	-0.02	-0.02	-0.0031081081081081076	-0.02	-0.009864864864864865	-0.02	-0.02	0.007027027027027028	-0.02	0.16243243243243244	-0.02	-0.02	-0.02	-0.016621621621621622	-0.02	-0.02	-0.02	-0.02	-0.02	-0.02	-0.02	-0.02	-0.02	-0.02	-0.02	-0.02	-0.02	-0.02	-0.02	-0.0031081081081081076	-0.02	-0.02	-0.02	-0.02	-0.02	-0.02	-0.02	-0.02	-0.02	-0.016621621621621622	-0.02	-0.02	-0.02	0.02391891891891892	-0.02	-0.02	-0.02	-0.016621621621621622	-0.02	-0.016621621621621622	-0.013243243243243243	-0.02	0.000270270270270271	-0.02	-0.0031081081081081076	-0.02	-0.02	-0.02	-0.009864864864864865	-0.016621621621621622	-0.02	-0.02	-0.02	-0.02	-0.02	-0.02	-0.02	-0.02	-0.02	0.007027027027027028	-0.02	-0.02	-0.009864864864864865	-0.016621621621621622	0.030675675675675678	-0.02	-0.02	-0.02	-0.02	-0.02	-0.02	0.08135135135135135	-0.02	-0.02	-0.02	-0.02	0.0272972972972973	-0.02	-0.016621621621621622	-0.02	0.0272972972972973	-0.02	-0.02	-0.02	-0.02	-0.02	-0.02	-0.02	-0.02	-0.02	-0.02	-0.02	0.0036486486486486495	-0.02	-0.02	-0.02	-0.02	-0.02	-0.02	-0.02	-0.02	-0.02	-0.02	-0.02	0.1860810810810811	-0.02	-0.02	0.010405405405405407	-0.02	-0.02	-0.006486486486486486	-0.02	-0.02	-0.02	-0.016621621621621622	-0.02	-0.02	-0.02	-0.02	-0.02	-0.02	-0.02	-0.013243243243243243	-0.02	-0.02	-0.016621621621621622	-0.02	-0.009864864864864865
-0.02	-0.02	0.031987767584097854	0.04422018348623853	-0.02	-0.02	-0.0077675840978593275	-0.02	0.025871559633027525	-0.02	-0.02	-0.02	-0.02	-0.0077675840978593275	-0.02	-0.02	-0.02	-0.02	-0.02	-0.02	0.09926605504587156	-0.02	-0.02	-0.02	-0.02	-0.02	-0.02	-0.02	-0.02	-0.02	-0.02	-0.02	-0.02	-0.02	-0.02	-0.02	-0.02	-0.02	-0.02	-0.02	-0.02	-0.0016513761467889902	-0.02	-0.02	-0.02	-0.02	-0.02	-0.02	-0.02	-0.02	-0.02	-0.02	-0.02	-0.02	0.056452599388379196	-0.02	-0.02	-0.02	-0.02	-0.02	-0.02	-0.02	-0.02	-0.02	-0.02	-0.02	-0.02	-0.02	-0.02	-0.01694189602446483	-0.02	-0.02	-0.02	-0.02	-0.02	-0.02	-0.02	-0.013883792048929665	-0.02	-0.02	-0.02	-0.02	-0.02	-0.02	-0.02	-0.0016513761467889902	-0.02	-0.02	-0.02	-0.02	-0.02	-0.02	0.07785932721712538	-0.02	-0.02	-0.02	-0.02	-0.02	-0.02	0.06256880733944954	-0.02	0.04422018348623853	-0.02	-0.02	0.007522935779816515	0.007522935779816515	-0.02	-0.01694189602446483	-0.00470948012232416	-0.02	-0.02	-0.02	-0.02	-0.01694189602446483	-0.02	-0.02	-0.02	-0.02	-0.02	-0.02	-0.02	0.010581039755351681	-0.02	-0.02	-0.02	0.04727828746177369	-0.02	-0.02	-0.02	-0.02	-0.02	-0.02	-0.02	-0.02	-0.02	-0.02	-0.02	-0.02	0.022813455657492352	-0.02	-0.02	-0.02	0.013639143730886847	0.007522935779816515	-0.02	-0.02	-0.013883792048929665	-0.02	0.022813455657492352
-0.02	-0.02	-0.02	-0.02	-0.02	-0.02	-0.02	-0.02	-0.02	-0.02	-0.02	-0.02	-0.02	-0.02	-0.02	-0.02	-0.02	-0.02	-0.02	-0.02	-0.02	-0.02	-0.02	-0.02	-0.02	-0.02	-0.02	-0.02	-0.02	-0.02	-0.02	-0.02	-0.02	-0.02	-0.02	-0.02	-0.02	0.007777777777777776	-0.02	-0.02	-0.02	-0.02	-0.02	-0.02	-0.02	-0.02	-0.02	-0.02	-0.02	0.007777777777777776	-0.02	-0.02	-0.02	-0.02	0.049444444444444444	-0.02	-0.02	-0.02	-0.006111111111111112	-0.02	-0.02	-0.02	-0.02	-0.02	-0.02	-0.02	-0.02	-0.02	-0.02	0.0008333333333333318	-0.02	-0.02	-0.02	-0.02	-0.02	-0.02	-0.02	-0.02	-0.02	-0.02	-0.02	-0.02	-0.02	-0.02	-0.02	-0.02	-0.02	-0.02	-0.02	-0.006111111111111112	-0.02	-0.02	0.0008333333333333318	-0.02	-0.02	-0.02	-0.02	-0.02	-0.02	-0.02	-0.006111111111111112	0.0008333333333333318	-0.02	-0.02	-0.02	-0.02	-0.02	-0.02	-0.02	-0.02	-0.02	-0.02	-0.02	-0.02	-0.02	-0.02	-0.02	-0.02	-0.02	-0.02	-0.02	-0.02	-0.02	-0.02	-0.02	-0.02	-0.02	-0.02	-0.02	0.20916666666666667	-0.02	0.47305555555555556	-0.02	-0.02	0.0008333333333333318	-0.02	-0.02	-0.02	-0.02	-0.02	-0.02	-0.02	-0.02	-0.02	-0.02	0.007777777777777776	-0.02	-0.02	-0.02
-0.02	-0.02	-0.02	-0.014827586206896552	-0.02	-0.02	-0.009655172413793104	-0.02	0.18172413793103448	-0.02	-0.02	-0.02	-0.02	-0.02	-0.02	-0.02	-0.02	-0.02	0.014482758620689654	-0.02	0.1006896551724138	-0.02	-0.02	-0.02	-0.02	-0.018275862068965518	-0.02	-0.02	-0.02	0.030000000000000002	-0.02	-0.02	-0.02	-0.02	-0.02	-0.02	-0.02	-0.02	-0.02	-0.02	-0.011379310344827587	-0.02	-0.02	-0.02	-0.02	-0.02	-0.02	-0.02	-0.02	-0.02	-0.02	-0.02	-0.02	-0.02	0.05758620689655172	-0.02	-0.02	-0.02	-0.02	-0.02	-0.02	-0.02	-0.02	-0.02	-0.02	-0.02	-0.02	-0.02	-0.02	0.009310344827586206	-0.02	-0.02	-0.02	-0.02	-0.02	-0.02	-0.02	-0.02	-0.02	0.021379310344827585	-0.02	-0.02	-0.02	-0.018275862068965518	-0.02	-0.02	-0.02	-0.02	-0.02	-0.02	-0.02	-0.02	-0.02	-0.02	-0.02	-0.02	-0.02	-0.02	-0.02	-0.009655172413793104	-0.02	0.007586206896551723	-0.02	-0.02	-0.02	0.002413793103448275	-0.02	-0.02	-0.02	-0.02	-0.02	-0.02	-0.02	-0.02	-0.02	-0.02	-0.02	-0.02	-0.02	-0.02	-0.02	0.08344827586206896	-0.02	-0.02	-0.02	-0.02	-0.02	-0.02	-0.02	-0.0010344827586206903	-0.02	-0.007931034482758621	-0.02	-0.02	-0.02	0.11793103448275861	-0.02	-0.02	-0.016551724137931035	-0.02	-0.02	-0.02	-0.02	0.05758620689655172	-0.02	-0.018275862068965518	-0.02	-0.02	-0.018275862068965518
-0.02	-0.02	-0.013315508021390376	0.009411764705882352	-0.02	-0.02	-0.015989304812834226	-0.02	0.034812834224598924	-0.02	-0.02	-0.02	-0.02	-0.02	-0.02	-0.02	-0.02	-0.018663101604278077	-0.003957219251336897	-0.02	0.034812834224598924	-0.02	-0.02	-0.02	-0.02	-0.02	-0.02	-0.02	-0.02	0.010748663101604279	-0.02	-0.02	-0.02	-0.02	-0.02	-0.02	-0.02	-0.02	-0.02	-0.02	-0.02	-0.02	-0.02	-0.02	-0.018663101604278077	-0.02	-0.02	-0.02	-0.02	-0.02	-0.02	-0.02	-0.02	-0.018663101604278077	0.045508021390374326	-0.02	-0.02	-0.02	0.01877005347593583	-0.018663101604278077	-0.02	-0.015989304812834226	-0.02	-0.01732620320855615	-0.02	-0.02	-0.02	-0.02	-0.02	-0.011978609625668449	-0.02	-0.02	-0.02	-0.02	-0.02	-0.02	-0.02	-0.02	-0.02	-0.02	-0.00128342245989305	-0.02	-0.02	-0.018663101604278077	-0.02	-0.0026203208556149736	-0.02	-0.02	-0.02	-0.018663101604278077	-0.02	-0.02	0.10566844919786096	-0.02	-0.02	-0.02	-0.02	-0.02	-0.02	0.08026737967914438	-0.02	-0.02	-0.02	-0.02	-0.02	-0.010641711229946525	-0.02	-0.02	-0.02	-0.02	-0.02	-0.02	-0.02	-0.007967914438502675	-0.02	-0.02	-0.02	-0.02	-0.02	-0.02	-0.02	0.021443850267379678	-0.018663101604278077	-0.02	-0.02	0.14176470588235296	-0.02	-0.011978609625668449	0.0762566844919786	-0.02	-0.02	-0.010641711229946525	-0.02	-0.02	-0.02	-0.018663101604278077	-0.02	-0.02	-0.0026203208556149736	-0.02	-0.003957219251336897	-0.02	-0.01732620320855615	-0.003957219251336897	-0.02	-0.02	-0.02	-0.02	0.0013903743315508005
-0.02	-0.02	-0.019619482496194825	-0.0013546423135464246	-0.02	-0.02	-0.014292237442922375	-0.01923896499238965	0.021476407914764076	-0.02	-0.02	-0.02	-0.02	-0.02	-0.02	-0.00858447488584475	-0.02	-0.02	-0.005159817351598175	-0.02	0.32056316590563166	-0.02	-0.02	-0.01923896499238965	-0.019619482496194825	-0.02	-0.02	-0.02	-0.02	0.03213089802130897	-0.01923896499238965	-0.02	-0.02	-0.019619482496194825	-0.02	-0.02	-0.02	-0.01923896499238965	-0.019619482496194825	-0.02	-0.02	-0.02	-0.02	-0.02	-0.02	-0.02	-0.02	-0.02	-0.017336377473363775	-0.02	-0.015814307458143075	-0.019619482496194825	-0.02	-0.02	0.0271841704718417	-0.02	-0.02	-0.02	-0.014292237442922375	-0.02	-0.018858447488584475	-0.017336377473363775	-0.02	-0.018858447488584475	-0.02	-0.019619482496194825	-0.02	-0.02	-0.02	0.021476407914764076	-0.02	-0.02	-0.02	-0.0184779299847793	-0.02	-0.02	-0.02	-0.016575342465753425	-0.02	-0.0184779299847793	-0.0108675799086758	-0.02	-0.02	-0.01923896499238965	-0.02	-0.01771689497716895	-0.02	-0.02	-0.02	-0.02	-0.02	-0.02	0.007777777777777776	-0.02	-0.02	-0.02	-0.02	-0.02	-0.02	-0.01162861491628615	-0.02	0.004353120243531201	-0.02	-0.02	-0.012770167427701675	-0.01771689497716895	-0.02	-0.0184779299847793	-0.02	-0.02	-0.02	-0.02	-0.02	-0.02	-0.02	-0.02	-0.02	-0.02	-0.02	-0.019619482496194825	-0.02	0.01729071537290715	-0.01923896499238965	-0.02	-0.02	0.02033485540334855	-0.02	-0.017336377473363775	0.11051750380517504	-0.0184779299847793	-0.02	0.004353120243531201	-0.02	-0.02	-0.02	-0.01923896499238965	-0.02	-0.02	-0.009726027397260275	-0.02	-0.01771689497716895	-0.02	-0.01923896499238965	0.008919330289193301	-0.02	-0.02	0.010441400304414001	-0.01923896499238965	-0.0184779299847793
-0.02	-0.02	-0.02	-0.02	-0.02	-0.02	-0.02	-0.02	-0.02	-0.02	-0.02	-0.02	-0.02	-0.02	-0.02	-0.02	-0.02	-0.02	-0.02	-0.02	0.88	-0.02	-0.02	-0.02	-0.02	-0.02	-0.02	-0.02	-0.02	-0.02	-0.02	-0.02	-0.02	-0.02	-0.02	-0.02	-0.02	-0.02	-0.02	-0.02	-0.02	-0.02	-0.02	-0.02	-0.02	-0.02	-0.02	-0.02	-0.02	-0.02	-0.02	-0.02	-0.02	-0.02	-0.02	-0.02	-0.02	-0.02	-0.02	-0.02	-0.02	-0.02	-0.02	-0.02	-0.02	-0.02	-0.02	-0.02	-0.02	-0.02	-0.02	-0.02	-0.02	-0.02	-0.02	-0.02	-0.02	-0.02	-0.02	-0.02	-0.02	-0.02	-0.02	-0.02	-0.02	-0.02	-0.02	-0.02	-0.02	-0.02	-0.02	-0.02	-0.02	-0.02	-0.02	-0.02	-0.02	-0.02	-0.02	-0.02	-0.02	-0.02	-0.02	-0.02	-0.02	-0.02	-0.02	-0.02	-0.02	-0.02	-0.02	-0.02	-0.02	-0.02	-0.02	-0.02	-0.02	-0.02	-0.02	-0.02	-0.02	-0.02	-0.02	-0.02	-0.02	0.04666666666666666	-0.02	-0.02	-0.02	-0.02	-0.02	-0.02	-0.02	-0.02	-0.02	-0.02	-0.02	-0.02	-0.02	-0.02	-0.02	-0.02	-0.02	0.013333333333333332	-0.02	-0.02	-0.02	-0.02	-0.02
-0.02	-0.02	0.14666666666666667	-0.02	-0.02	-0.02	0.021666666666666664	-0.02	-0.02	-0.02	-0.02	-0.02	-0.02	-0.02	-0.02	-0.02	-0.02	-0.02	-0.02	-0.02	0.021666666666666664	-0.02	-0.02	-0.02	-0.02	-0.02	-0.02	-0.02	-0.02	-0.02	-0.02	-0.02	-0.02	-0.02	-0.02	-0.02	-0.02	-0.02	-0.02	-0.02	0.021666666666666664	0.021666666666666664	-0.02	-0.02	-0.02	-0.02	-0.02	-0.02	-0.02	-0.02	-0.02	-0.02	-0.02	-0.02	0.06333333333333332	-0.02	-0.02	-0.02	-0.02	-0.02	-0.02	-0.02	-0.02	-0.02	-0.02	-0.02	-0.02	-0.02	-0.02	-0.02	-0.02	-0.02	-0.02	-0.02	-0.02	-0.02	-0.02	-0.02	-0.02	-0.02	-0.02	-0.02	-0.02	-0.02	-0.02	0.021666666666666664	-0.02	-0.02	-0.02	-0.02	-0.02	-0.02	-0.02	-0.02	-0.02	-0.02	-0.02	-0.02	-0.02	-0.02	-0.02	0.021666666666666664	-0.02	-0.02	-0.02	-0.02	-0.02	-0.02	-0.02	-0.02	-0.02	-0.02	-0.02	-0.02	-0.02	-0.02	-0.02	-0.02	-0.02	-0.02	-0.02	-0.02	-0.02	-0.02	-0.02	0.06333333333333332	-0.02	-0.02	0.18833333333333335	-0.02	-0.02	-0.02	-0.02	-0.02	-0.02	-0.02	-0.02	-0.02	-0.02	-0.02	0.105	-0.02	-0.02	0.06333333333333332	-0.02	-0.02	-0.02	-0.02	-0.02
-0.02	-0.02	-0.02	-0.02	-0.02	-0.02	-0.02	0.14666666666666667	-0.02	-0.02	-0.02	-0.02	-0.02	-0.02	-0.02	-0.02	-0.02	-0.02	-0.02	-0.02	0.14666666666666667	-0.02	-0.02	-0.02	-0.02	-0.02	-0.02	-0.02	-0.02	-0.02	-0.02	-0.02	-0.02	-0.02	-0.02	-0.02	-0.02	-0.02	-0.02	-0.02	-0.02	-0.02	-0.02	-0.02	-0.02	-0.02	-0.02	-0.02	-0.02	-0.02	-0.02	-0.02	-0.02	-0.02	0.14666666666666667	-0.02	-0.02	-0.02	-0.02	-0.02	-0.02	-0.02	-0.02	-0.02	-0.02	-0.02	-0.02	-0.02	-0.02	-0.02	-0.02	-0.02	-0.02	-0.02	-0.02	-0.02	-0.02	-0.02	-0.02	-0.02	-0.02	-0.02	-0.02	-0.02	-0.02	-0.02	-0.02	-0.02	-0.02	-0.02	-0.02	-0.02	-0.02	-0.02	-0.02	-0.02	-0.02	-0.02	-0.02	0.14666666666666667	-0.02	-0.02	-0.02	-0.02	-0.02	-0.02	-0.02	-0.02	-0.02	-0.02	-0.02	-0.02	-0.02	-0.02	-0.02	-0.02	-0.02	-0.02	-0.02	-0.02	-0.02	-0.02	-0.02	-0.02	-0.02	-0.02	-0.02	-0.02	-0.02	-0.02	-0.02	-0.02	-0.02	-0.02	-0.02	-0.02	-0.02	-0.02	-0.02	-0.02	-0.02	-0.02	-0.02	0.14666666666666667	-0.02	-0.02	0.14666666666666667	-0.02	-0.02
-0.02	-0.02	-0.0035234474017743975	-0.02	-0.02	-0.02	-0.013662864385297846	-0.02	-0.02	-0.02	-0.02	-0.02	-0.02	-0.02	-0.02	-0.004790874524714829	-0.02	-0.011128010139416984	0.04210392902408111	-0.02	-0.01873257287705957	-0.02	-0.02	-0.02	-0.02	-0.014930291508238276	-0.02	-0.02	-0.02	-0.0073257287705956915	-0.02	-0.02	-0.02	-0.02	-0.02	-0.02	-0.02	-0.02	-0.02	-0.02	-0.004790874524714829	-0.02	-0.02	-0.02	-0.02	-0.02	-0.02	-0.02	-0.02	-0.02	-0.02	-0.02	-0.02	-0.02	0.024359949302915084	-0.02	-0.02	-0.02	-0.02	-0.02	-0.01873257287705957	-0.02	-0.02	-0.02	-0.02	-0.02	-0.02	-0.02	-0.02	-0.02	-0.02	-0.02	-0.02	-0.02	-0.02	-0.02	-0.02	-0.02	-0.02	0.15870722433460077	-0.02	-0.02	-0.02	-0.02	-0.02	-0.02	-0.02	-0.02	-0.02	-0.02	-0.02	-0.02	-0.013662864385297846	-0.02	-0.02	-0.02	-0.02	-0.02	-0.02	0.05731305449936629	-0.02	0.13589353612167301	-0.02	-0.02	-0.02	-0.013662864385297846	-0.02	-0.02	-0.02	-0.02	-0.02	-0.02	-0.02	-0.00605830164765526	-0.02	-0.02	-0.02	-0.02	-0.02	-0.01746514575411914	-0.02	0.12068441064638784	-0.02	-0.02	-0.02	-0.02	-0.02	-0.02	-0.02	-0.02	-0.02	-0.02	-0.02	-0.02	-0.02	0.2043346007604563	-0.02	-0.02	-0.02	-0.02	-0.02	-0.02	-0.02	-0.014930291508238276	-0.02	-0.02	-0.02	-0.02	-0.02
-0.02	-0.02	-0.02	-0.02	-0.02	-0.02	-0.02	-0.02	-0.02	-0.02	-0.02	-0.02	-0.02	-0.02	-0.02	-0.02	-0.02	-0.02	-0.02	-0.02	-0.02	-0.02	-0.02	-0.02	-0.02	-0.02	-0.02	-0.02	-0.02	-0.02	-0.02	-0.02	-0.02	-0.02	-0.02	-0.02	-0.02	-0.02	-0.02	-0.02	-0.02	-0.02	-0.02	-0.02	-0.02	-0.02	-0.02	-0.02	-0.02	-0.02	-0.02	-0.02	-0.02	-0.02	-0.02	-0.02	-0.02	-0.02	-0.02	-0.02	-0.02	-0.02	-0.02	-0.02	-0.02	-0.02	-0.02	-0.02	-0.02	-0.02	-0.02	-0.02	-0.02	-0.02	-0.02	-0.02	-0.02	-0.02	-0.02	-0.02	-0.02	-0.02	-0.02	-0.02	-0.02	-0.02	-0.02	-0.02	-0.02	-0.02	-0.02	-0.02	0.18000000000000002	-0.02	-0.02	-0.02	-0.02	-0.02	-0.02	-0.02	-0.02	-0.02	-0.02	-0.02	-0.02	-0.02	-0.02	-0.02	-0.02	-0.02	-0.02	-0.02	-0.02	-0.02	-0.02	-0.02	-0.02	-0.02	-0.02	-0.02	-0.02	-0.02	-0.02	-0.02	-0.02	0.78	-0.02	-0.02	-0.02	-0.02	-0.02	-0.02	-0.02	-0.02	-0.02	-0.02	-0.02	-0.02	-0.02	-0.02	-0.02	-0.02	-0.02	-0.02	-0.02	-0.02	-0.02	-0.02	-0.02
-0.02	-0.02	-0.02	-0.02	-0.02	-0.02	-0.02	-0.02	-0.02	-0.02	-0.02	-0.02	-0.02	-0.02	-0.02	-0.02	-0.02	-0.02	-0.02	-0.02	-0.02	-0.02	-0.02	-0.02	-0.02	-0.02	-0.02	-0.02	-0.02	-0.02	-0.02	-0.02	-0.02	-0.02	-0.02	-0.02	-0.02	-0.02	0.14666666666666667	-0.02	0.14666666666666667	-0.02	-0.02	-0.02	-0.02	-0.02	-0.02	-0.02	-0.02	-0.02	-0.02	-0.02	-0.02	-0.02	-0.02	-0.02	-0.02	-0.02	-0.02	-0.02	-0.02	-0.02	-0.02	-0.02	-0.02	-0.02	-0.02	-0.02	-0.02	-0.02	-0.02	-0.02	-0.02	-0.02	-0.02	-0.02	-0.02	-0.02	-0.02	-0.02	-0.02	-0.02	-0.02	-0.02	-0.02	-0.02	-0.02	-0.02	-0.02	-0.02	-0.02	-0.02	-0.02	-0.02	-0.02	-0.02	-0.02	-0.02	-0.02	-0.02	-0.02	-0.02	-0.02	-0.02	0.14666666666666667	-0.02	-0.02	-0.02	-0.02	-0.02	-0.02	-0.02	-0.02	-0.02	-0.02	-0.02	-0.02	-0.02	-0.02	-0.02	-0.02	-0.02	-0.02	-0.02	-0.02	0.14666666666666667	-0.02	-0.02	-0.02	-0.02	-0.02	0.14666666666666667	-0.02	-0.02	-0.02	-0.02	-0.02	-0.02	-0.02	-0.02	-0.02	-0.02	-0.02	-0.02	-0.02	-0.02	0.14666666666666667	-0.02	-0.02
-0.02	-0.02	0.006246719160104986	-0.0012523434570678657	-0.02	-0.02	-0.016625421822272217	-0.02	0.023869516310461195	-0.02	-0.02	-0.02	-0.02	-0.02	-0.02	-0.01850018747656543	-0.02	-0.01887514060742407	-0.013625796775403074	-0.02	0.11648293963254593	-0.02	-0.02	-0.02	-0.02	-0.02	-0.02	-0.02	-0.02	0.0486164229471316	-0.02	-0.02	-0.02	-0.02	-0.02	-0.02	-0.02	-0.015125609298837646	-0.019250093738282716	-0.02	-0.017375328083989502	-0.02	-0.02	-0.02	-0.02	-0.02	-0.02	-0.02	-0.02	-0.02	-0.02	-0.02	-0.02	-0.017750281214848146	0.04749156355455568	-0.02	-0.02	-0.02	0.007371578552680915	-0.02	-0.00725159355080615	-0.017750281214848146	-0.02	-0.017750281214848146	-0.02	-0.01437570303712036	-0.02	-0.02	-0.02	-0.02	-0.02	-0.02	-0.019625046869141356	-0.02	-0.02	-0.02	-0.02	0.039617547806524184	-0.02	-0.014000749906261718	-0.017750281214848146	-0.02	-0.02	-0.013625796775403074	-0.02	-0.019250093738282716	-0.02	-0.02	-0.02	-0.02	-0.02	-0.02	0.0159955005624297	-0.02	-0.02	-0.02	-0.02	-0.01887514060742407	-0.02	0.03211848518935133	-0.02	-0.016250468691413573	-0.02	-0.02	-0.02	-0.002752155980502439	-0.02	-0.02	-0.02	-0.02	-0.02	-0.02	-0.02	-0.0031271091113610795	-0.02	-0.02	-0.02	-0.02	-0.02	-0.015500562429696288	-0.02	0.036992875890513685	-0.02	-0.02	-0.02	0.07148856392950881	-0.02	-0.015500562429696288	0.030618672665916762	-0.02	-0.02	-0.01025121859767529	-0.02	-0.02	-0.02	-0.0005024371953505809	-0.02	-0.02	-0.005751781027371578	-0.02	0.003997000374953132	-0.02	-0.02	0.0538657667791526	-0.02	-0.02	-0.017000374953130858	-0.02	-0.009501312335958006
-0.02	-0.02	-0.02	-0.02	-0.02	-0.02	-0.02	-0.02	-0.02	-0.02	-0.02	-0.02	-0.02	-0.02	-0.02	-0.02	0.006785714285714284	-0.02	0.006785714285714284	-0.02	0.05142857142857142	-0.02	-0.02	-0.02	-0.011071428571428572	-0.011071428571428572	-0.02	-0.02	-0.02	-0.02	-0.02	-0.02	-0.02	-0.0021428571428571443	-0.02	-0.011071428571428572	-0.02	-0.02	-0.02	-0.011071428571428572	-0.02	-0.02	-0.02	-0.02	-0.011071428571428572	-0.02	-0.02	-0.02	-0.02	-0.02	-0.02	-0.02	-0.02	-0.02	-0.0021428571428571443	-0.02	-0.02	-0.02	-0.02	-0.02	-0.02	0.015714285714285712	-0.02	-0.011071428571428572	-0.02	0.006785714285714284	-0.02	-0.02	-0.02	-0.011071428571428572	-0.02	-0.02	-0.02	-0.02	-0.02	-0.02	-0.02	-0.02	-0.02	-0.02	-0.02	-0.02	-0.02	-0.02	-0.02	0.015714285714285712	-0.02	-0.02	-0.011071428571428572	-0.02	-0.02	-0.02	0.03357142857142857	-0.02	-0.02	-0.02	-0.02	-0.02	-0.02	0.006785714285714284	0.05142857142857142	-0.02	-0.011071428571428572	0.03357142857142857	-0.011071428571428572	-0.02	-0.02	-0.02	-0.02	-0.02	0.024642857142857143	-0.02	-0.02	-0.02	-0.02	-0.02	-0.02	-0.02	-0.011071428571428572	-0.02	-0.02	-0.02	0.024642857142857143	-0.02	-0.02	0.006785714285714284	-0.02	-0.02	-0.0021428571428571443	0.105	-0.02	0.05142857142857142	-0.02	-0.02	-0.02	-0.0021428571428571443	-0.02	-0.02	-0.02	-0.02	-0.02	-0.02	0.03357142857142857	-0.0021428571428571443	-0.0021428571428571443	-0.02	-0.02	-0.02	-0.02
-0.02	-0.02	-0.018178506375227686	-0.010892531876138433	-0.02	-0.02	-0.018178506375227686	-0.02	-0.02	-0.02	-0.02	-0.02	-0.02	-0.02	-0.02	-0.00360655737704918	-0.02	-0.0072495446265938065	0.007322404371584698	-0.02	0.007322404371584698	-0.02	-0.02	-0.02	-0.02	-0.010892531876138433	-0.02	-0.02	-0.02	-0.012714025500910747	-0.02	-0.02	-0.018178506375227686	-0.02	-0.02	-0.02	-0.02	0.0018579234972677591	-0.018178506375227686	-0.02	-0.02	-0.02	-0.02	-0.018178506375227686	-0.02	-0.014535519125683061	-0.02	-0.02	-0.02	-0.02	-0.02	-0.02	-0.02	-0.02	0.014608378870673951	-0.02	-0.02	-0.02	-0.005428051001821494	-0.02	0.03828779599271402	-0.00360655737704918	-0.02	-0.02	-0.02	-0.02	-0.02	-0.02	-0.02	3.6429872495444965e-05	-0.02	-0.02	-0.014535519125683061	-0.02	-0.02	-0.02	-0.02	0.029180327868852458	-0.012714025500910747	0.08564663023679417	-0.02	-0.02	-0.014535519125683061	-0.00907103825136612	-0.02	-0.02	-0.02	-0.02	-0.02	-0.02	-0.02	-0.02	-0.0072495446265938065	-0.02	-0.02	-0.014535519125683061	-0.02	-0.02	-0.02	0.014608378870673951	-0.02	0.08200364298724955	-0.02	0.01825136612021858	-0.02	0.014608378870673951	-0.02	-0.02	-0.02	-0.02	-0.016357012750455376	-0.018178506375227686	-0.02	3.6429872495444965e-05	-0.02	-0.02	-0.02	-0.02	-0.00907103825136612	-0.02	-0.02	0.08928961748633879	-0.0017850637522768657	-0.02	-0.02	-0.02	-0.02	-0.012714025500910747	-0.02	0.0055009107468123875	-0.02	-0.012714025500910747	-0.02	-0.02	-0.02	-0.012714025500910747	-0.02	-0.02	-0.0072495446265938065	-0.016357012750455376	-0.02	-0.02	-0.018178506375227686	-0.02	-0.02	-0.018178506375227686	0.04739526411657559	-0.02	-0.02
-0.02	-0.02	0.12534883720930234	-0.02	-0.02	-0.02	-0.02	-0.02	-0.02	-0.02	-0.02	-0.02	-0.02	-0.02	-0.02	-0.02	-0.02	-0.02	-0.02	-0.02	0.009069767441860464	-0.02	-0.02	-0.02	-0.02	-0.02	-0.02	-0.02	-0.02	-0.02	-0.02	-0.02	-0.02	-0.02	-0.02	-0.02	-0.02	-0.02	-0.02	-0.02	-0.02	-0.02	-0.02	-0.02	-0.02	-0.02	-0.02	-0.02	-0.02	-0.02	-0.02	-0.02	-0.02	-0.02	-0.02	-0.02	-0.02	-0.02	0.009069767441860464	-0.02	-0.02	-0.02	-0.02	-0.02	-0.02	-0.02	-0.02	-0.02	-0.02	-0.02	-0.02	-0.02	-0.02	-0.02	-0.02	-0.02	-0.02	-0.02	-0.02	0.009069767441860464	-0.02	-0.02	-0.02	-0.02	-0.02	-0.02	-0.02	-0.02	-0.02	-0.02	-0.02	-0.02	0.014883720930232557	-0.02	-0.02	-0.02	-0.02	-0.02	-0.02	-0.02	-0.02	0.1718604651162791	-0.02	-0.02	-0.02	-0.02	-0.02	-0.02	-0.02	-0.02	-0.02	-0.02	-0.02	-0.02	-0.02	-0.02	-0.02	-0.02	-0.02	-0.02	-0.02	-0.02	-0.02	-0.02	-0.02	0.11372093023255812	-0.02	-0.02	-0.02	-0.02	-0.02	0.009069767441860464	-0.02	-0.02	-0.02	0.0672093023255814	-0.02	-0.02	-0.02	-0.02	-0.02	-0.02	-0.02	0.27069767441860465	-0.02	-0.02	-0.02	-0.02	-0.02
-0.02	-0.02	-0.015614035087719299	-0.010131578947368422	-0.02	-0.02	0.0008333333333333318	-0.02	-0.006842105263157896	-0.02	-0.02	-0.02	-0.02	-0.02	-0.02	-0.016710526315789474	-0.02	-0.02	-0.0057456140350877205	-0.02	-0.0035526315789473698	-0.02	-0.02	-0.010131578947368422	-0.02	-0.02	-0.02	-0.02	-0.02	0.030438596491228067	-0.02	-0.02	-0.02	-0.02	-0.02	-0.02	-0.02	-0.012324561403508773	-0.02	-0.02	-0.01780701754385965	-0.02	-0.02	-0.01780701754385965	-0.02	-0.02	-0.02	-0.02	-0.02	-0.02	-0.02	-0.02	-0.02	-0.02	0.08964912280701753	-0.02	-0.02	-0.018903508771929825	0.0030263157894736825	-0.02	0.01070175438596491	-0.02	-0.02	-0.02	-0.02	-0.02	-0.02	-0.02	-0.02	-0.02	-0.02	-0.02	-0.02	-0.02	-0.02	-0.02	-0.02	0.05346491228070176	-0.02	-0.004649122807017545	-0.02	-0.02	-0.02	-0.009035087719298247	-0.02	-0.0024561403508771944	-0.02	-0.02	-0.02	-0.02	-0.02	-0.02	0.012894736842105261	-0.02	-0.02	-0.02	-0.02	-0.02	-0.02	0.0019298245614035071	-0.02	0.042499999999999996	-0.02	-0.02	-0.02	0.012894736842105261	-0.02	-0.02	-0.02	-0.02	-0.02	-0.01780701754385965	-0.02	-0.0035526315789473698	-0.02	-0.02	-0.02	-0.02	-0.02	-0.02	-0.02	0.07539473684210526	-0.014517543859649124	-0.02	-0.02	-0.015614035087719299	-0.02	-0.013421052631578948	0.012894736842105261	-0.02	-0.02	-0.015614035087719299	-0.02	-0.02	-0.02	0.0030263157894736825	-0.02	-0.02	0.004122807017543858	-0.02	-0.004649122807017545	-0.02	-0.02	0.012894736842105261	-0.02	-0.02	0.13021929824561404	-0.02	-0.02
-0.02	-0.02	-0.005303941215764864	-0.006639946559786239	-0.02	-0.02	-0.011315965263861055	-0.02	0.004048096192384769	-0.02	-0.02	-0.02	-0.02	-0.007975951903807616	-0.02	-0.02	-0.02	-0.02	-0.02	-0.02	0.06817635270541082	-0.008643954575818303	-0.02	-0.02	-0.02	-0.02	-0.02	-0.02	-0.02	0.014068136272545089	-0.02	-0.02	-0.02	-0.02	-0.02	-0.02	-0.02	0.02876419505678023	-0.02	-0.02	-0.02	-0.02	-0.02	-0.02	-0.02	-0.02	-0.007975951903807616	-0.02	-0.02	-0.02	-0.02	-0.02	-0.02	0.009392117568470273	0.015404141616566464	-0.02	-0.02	-0.02	0.012064128256513023	-0.02	0.0013760855043420187	-0.02	-0.02	0.028096192384769538	-0.02	-0.02	-0.02	-0.02	-0.02	0.0027120908483633938	-0.02	-0.02	-0.02	-0.02	-0.02	-0.02	-0.02	-0.02	-0.02	-0.02	-0.02	-0.02	-0.02	-0.02	-0.02	0.012064128256513023	-0.02	-0.02	0.004048096192384769	-0.02	-0.02	-0.02	4.0080160320640074e-05	-0.02	-0.02	-0.02	-0.02	-0.02	-0.011315965263861055	0.015404141616566464	-0.02	0.010728122912491648	-0.02	-0.02	0.06483633934535737	0.010728122912491648	-0.02	-0.02	-0.02	-0.02	-0.02	-0.02	-0.02	0.0027120908483633938	-0.02	-0.02	-0.02	-0.02	-0.02	-0.02	-0.02	0.04078824315297261	-0.02	-0.02	-0.02	0.002044088176352706	-0.02	-0.02	-0.02	-0.007975951903807616	-0.02	-0.009311957247828991	-0.02	-0.02	-0.02	0.013400133600534405	-0.02	-0.02	-0.007307949231796928	-0.02	-0.02	-0.02	-0.007975951903807616	0.0007080828323313276	-0.02	-0.02	0.03344021376085504	-0.02	-0.0032999331997327977
-0.02	-0.02	-0.02	-0.02	-0.02	-0.02	-0.02	-0.02	-0.02	-0.02	-0.02	-0.02	-0.02	-0.02	-0.02	-0.008142292490118578	-0.02	-0.02	0.014584980237154151	-0.02	0.2942292490118577	-0.02	-0.02	-0.02	-0.02	-0.02	-0.02	-0.02	-0.02	-0.02	-0.02	-0.02	-0.02	-0.02	-0.02	-0.02	-0.02	0.07486166007905137	0.015573122529644271	-0.02	-0.02	-0.02	-0.02	-0.02	-0.02	-0.02	-0.02	-0.02	-0.02	-0.02	-0.02	-0.02	-0.02	0.003715415019762844	-0.02	-0.02	-0.02	-0.02	-0.02	-0.02	0.003715415019762844	-0.02	-0.02	0.003715415019762844	-0.02	-0.008142292490118578	-0.02	-0.02	-0.02	-0.02	-0.02	-0.02	-0.02	-0.02	-0.02	-0.02	-0.02	-0.02	-0.02	-0.02	-0.02	-0.02	-0.02	-0.02	-0.02	0.015573122529644271	-0.02	-0.02	-0.02	-0.02	-0.02	-0.02	0.017549407114624504	-0.02	-0.02	-0.02	-0.02	-0.02	-0.02	0.0027272727272727275	-0.02	-0.02	-0.02	-0.02	0.039288537549407115	-0.02	-0.02	-0.02	-0.02	-0.02	-0.02	-0.02	-0.02	-0.02	-0.02	-0.02	-0.02	-0.02	-0.02	-0.02	-0.02	0.12426877470355731	-0.008142292490118578	-0.02	-0.02	-0.02	-0.02	-0.02	0.039288537549407115	-0.008142292490118578	-0.02	0.003715415019762844	-0.02	-0.02	-0.02	-0.02	-0.02	-0.02	-0.02	-0.02	-0.02	-0.02	-0.009130434782608696	-0.011106719367588933	-0.02	-0.02	-0.02	-0.02	-0.02
-0.02	-0.02	-0.02	-0.02	-0.02	-0.02	-0.02	-0.02	-0.02	-0.02	-0.02	-0.02	-0.02	-0.02	-0.02	-0.02	-0.02	-0.02	-0.02	-0.02	0.48	-0.02	-0.02	-0.02	-0.02	-0.02	-0.02	-0.02	-0.02	-0.02	-0.02	-0.02	-0.02	-0.02	-0.02	-0.02	-0.02	-0.02	-0.02	-0.02	-0.02	-0.02	-0.02	-0.02	-0.02	-0.02	-0.02	-0.02	-0.02	-0.02	-0.02	-0.02	-0.02	-0.02	-0.02	-0.02	-0.02	-0.02	-0.02	-0.02	-0.02	-0.02	-0.02	-0.02	-0.02	-0.02	-0.02	-0.02	-0.02	-0.02	-0.02	-0.02	-0.02	-0.02	-0.02	-0.02	-0.02	-0.02	-0.02	-0.02	-0.02	-0.02	-0.02	-0.02	-0.02	-0.02	-0.02	-0.02	-0.02	-0.02	-0.02	-0.02	0.3133333333333333	-0.02	-0.02	-0.02	-0.02	-0.02	-0.02	-0.02	-0.02	-0.02	-0.02	-0.02	-0.02	-0.02	-0.02	-0.02	-0.02	-0.02	-0.02	0.14666666666666667	-0.02	-0.02	-0.02	-0.02	-0.02	-0.02	-0.02	-0.02	-0.02	-0.02	-0.02	-0.02	-0.02	-0.02	-0.02	-0.02	-0.02	-0.02	-0.02	-0.02	-0.02	-0.02	-0.02	-0.02	-0.02	-0.02	-0.02	-0.02	-0.02	-0.02	-0.02	-0.02	-0.02	-0.02	-0.02	-0.02	-0.02
-0.02	-0.02	-0.008095238095238096	0.013333333333333332	-0.02	-0.02	0.006190476190476191	-0.02	-0.02	-0.02	-0.02	-0.02	-0.02	-0.02	-0.02	0.006190476190476191	-0.02	-0.02	0.1157142857142857	-0.02	-0.02	-0.02	-0.02	-0.010476190476190476	-0.02	-0.017619047619047618	-0.02	-0.02	-0.02	0.027619047619047616	-0.02	-0.02	-0.02	-0.02	-0.02	-0.02	-0.02	-0.02	-0.02	-0.02	-0.0009523809523809511	-0.02	-0.02	-0.02	-0.02	-0.02	-0.02	-0.02	-0.02	-0.02	-0.02	-0.02	-0.02	-0.02	0.17047619047619048	-0.02	-0.02	-0.02	-0.02	-0.02	-0.015238095238095238	-0.02	-0.02	-0.02	-0.02	-0.017619047619047618	-0.02	-0.02	-0.02	-0.02	-0.02	-0.02	-0.02	-0.02	-0.02	-0.02	-0.02	-0.02	-0.02	0.018095238095238098	-0.02	-0.02	-0.02	-0.0009523809523809511	-0.02	-0.02	-0.02	-0.02	-0.02	-0.02	-0.02	-0.02	0.08476190476190476	-0.02	-0.02	-0.02	-0.02	-0.02	-0.02	0.003809523809523808	-0.02	0.018095238095238098	-0.02	-0.02	-0.02	-0.017619047619047618	-0.02	-0.02	-0.02	-0.02	-0.02	-0.02	-0.02	-0.02	-0.02	-0.02	-0.02	-0.02	-0.02	-0.017619047619047618	-0.02	0.0680952380952381	-0.02	-0.02	-0.02	-0.02	-0.02	-0.0009523809523809511	-0.02	-0.02	-0.02	-0.02	-0.02	-0.02	-0.02	0.12761904761904763	-0.02	-0.02	-0.02	-0.02	-0.02	-0.02	-0.02	-0.012857142857142859	-0.02	-0.02	-0.02	-0.02	-0.02
-0.02	-0.02	-0.02	-0.02	-0.02	-0.02	-0.02	-0.02	-0.02	-0.02	-0.02	-0.02	-0.02	-0.02	-0.02	-0.02	-0.02	-0.02	-0.02	-0.02	-0.02	-0.02	-0.02	-0.02	-0.02	-0.02	-0.02	-0.02	-0.02	-0.02	-0.02	-0.02	-0.02	-0.02	-0.02	-0.02	-0.02	-0.02	-0.02	-0.02	-0.02	-0.02	-0.02	-0.02	-0.02	-0.02	-0.02	-0.02	-0.02	-0.02	-0.02	-0.02	-0.02	-0.02	-0.02	-0.02	-0.02	-0.02	-0.02	-0.02	-0.02	-0.02	-0.02	-0.02	-0.02	-0.02	-0.02	-0.02	-0.02	-0.02	-0.02	-0.02	-0.02	-0.02	-0.02	-0.02	-0.02	-0.02	-0.02	-0.02	-0.02	-0.02	-0.02	-0.02	-0.02	-0.02	-0.02	-0.02	-0.02	-0.02	-0.02	-0.02	0.2657142857142857	-0.02	-0.02	-0.02	-0.02	-0.02	-0.02	-0.02	-0.02	0.19428571428571428	-0.02	-0.02	-0.02	-0.02	-0.02	-0.02	-0.02	-0.02	-0.02	-0.02	-0.02	-0.02	-0.02	-0.02	-0.02	-0.02	-0.02	-0.02	-0.02	-0.02	-0.02	-0.02	-0.02	-0.02	-0.02	-0.02	-0.02	-0.02	-0.02	-0.02	-0.02	-0.02	-0.02	-0.02	-0.02	-0.02	-0.02	-0.02	-0.02	-0.02	-0.02	-0.02	-0.02	-0.02	-0.02	-0.02	0.48
-0.02	-0.02	-0.007915407854984895	0.0313595166163142	-0.02	-0.02	-0.02	-0.02	0.02229607250755287	-0.02	-0.02	-0.02	-0.02	-0.02	-0.02	-0.02	-0.02	-0.02	-0.02	-0.02	0.1491842900302115	-0.02	-0.02	-0.02	-0.02	-0.02	-0.02	-0.02	-0.02	-0.02	-0.02	-0.02	-0.02	-0.02	-0.02	-0.02	-0.02	-0.02	-0.02	-0.02	-0.02	-0.02	-0.02	-0.02	-0.02	-0.02	-0.02	-0.02	-0.02	-0.02	-0.02	-0.02	-0.02	-0.02	0.07667673716012084	-0.02	-0.02	-0.02	-0.013957703927492448	-0.02	-0.02	-0.02	-0.02	-0.016978851963746225	-0.02	-0.02	-0.02	-0.02	-0.02	-0.02	-0.02	-0.02	-0.02	-0.02	-0.02	-0.02	-0.02	-0.02	-0.02	-0.02	-0.02	-0.02	-0.02	-0.02	-0.02	-0.02	-0.02	-0.02	-0.02	-0.02	-0.02	-0.02	0.01625377643504532	-0.02	-0.02	-0.02	-0.02	-0.02	-0.02	0.03438066465256798	-0.02	0.05854984894259818	-0.02	-0.02	-0.02	-0.00187311178247734	-0.02	-0.02	-0.02	-0.02	-0.02	-0.02	-0.02	-0.02	-0.02	-0.02	-0.02	-0.02	-0.02	-0.02	-0.02	0.01625377643504532	-0.02	-0.02	-0.02	0.12803625377643504	-0.02	-0.02	0.07365558912386706	-0.02	-0.02	-0.02	-0.02	-0.02	-0.02	-0.01093655589123867	-0.02	-0.02	0.010211480362537766	-0.02	0.04948640483383686	-0.02	0.004169184290030211	-0.01093655589123867	-0.02	-0.02	-0.02	-0.02	-0.007915407854984895
-0.02	-0.02	-0.02	-0.02	-0.02	-0.02	-0.02	-0.02	-0.02	-0.02	-0.02	-0.02	-0.02	-0.02	-0.02	0.002988505747126436	-0.02	-0.02	0.002988505747126436	-0.02	0.07770114942528736	-0.02	-0.02	-0.02	-0.02	-0.014252873563218391	-0.02	-0.02	-0.02	-0.02	-0.02	-0.02	-0.02	-0.02	-0.02	-0.02	-0.02	-0.02	-0.002758620689655173	-0.02	-0.014252873563218391	-0.02	-0.02	-0.02	-0.02	-0.02	-0.02	-0.02	-0.02	-0.02	-0.02	-0.02	-0.02	-0.02	-0.002758620689655173	-0.02	-0.02	-0.02	-0.02	-0.02	-0.02	-0.02	-0.02	-0.02	-0.02	-0.02	-0.02	-0.02	-0.02	-0.02	-0.02	-0.02	-0.02	-0.02	-0.02	-0.02	-0.02	-0.02	-0.02	0.0432183908045977	-0.02	-0.02	-0.02	-0.014252873563218391	-0.02	-0.02	-0.02	-0.02	-0.02	-0.02	-0.02	-0.02	0.014482758620689654	-0.02	-0.02	-0.02	-0.02	-0.02	-0.02	0.05471264367816092	-0.02	0.12367816091954022	-0.02	-0.02	-0.02	0.008735632183908045	-0.02	-0.02	-0.02	-0.02	-0.02	-0.014252873563218391	-0.02	0.002988505747126436	-0.02	-0.02	-0.02	-0.02	-0.02	-0.02	-0.02	0.13517241379310346	-0.02	-0.02	-0.02	0.03747126436781609	-0.02	-0.014252873563218391	-0.02	-0.02	-0.02	-0.02	-0.02	-0.02	-0.02	-0.02	-0.02	-0.02	-0.02	-0.02	-0.02	-0.02	-0.02	-0.02	-0.02	-0.02	0.19264367816091954	-0.02	-0.02
-0.02	-0.02	-0.0122279792746114	-0.007046632124352333	-0.02	-0.02	0.04476683937823833	-0.02	-0.0122279792746114	-0.02	-0.02	-0.02	-0.02	-0.02	-0.02	0.0033160621761658023	-0.02	-0.02	0.11212435233160621	-0.02	0.15098445595854923	-0.02	-0.02	-0.02	-0.02	-0.017409326424870468	-0.02	-0.02	-0.02	0.016269430051813468	-0.02	-0.02	-0.02	-0.02	-0.02	-0.02	-0.02	-0.02	-0.02	-0.02	-0.02	-0.02	-0.02	-0.02	-0.02	-0.02	-0.02	-0.02	-0.02	-0.02	-0.02	-0.02	-0.02	-0.02	0.013678756476683939	-0.02	-0.02	-0.02	-0.02	-0.02	-0.02	-0.02	-0.02	-0.02	-0.02	-0.02	-0.02	-0.02	-0.02	-0.007046632124352333	-0.02	-0.02	-0.017409326424870468	-0.02	-0.02	-0.02	-0.02	-0.02	-0.02	-0.009637305699481865	-0.02	-0.02	-0.02	-0.02	-0.02	-0.02	-0.02	-0.02	-0.02	-0.02	-0.02	-0.02	0.026632124352331605	-0.02	-0.02	-0.02	-0.02	-0.02	-0.02	-0.0122279792746114	-0.02	0.005906735751295335	-0.02	-0.02	-0.02	-0.02	-0.02	-0.02	-0.02	-0.02	-0.02	-0.02	-0.02	-0.007046632124352333	-0.02	-0.02	-0.02	-0.02	-0.02	-0.02	-0.02	0.09398963730569948	-0.02	-0.02	-0.02	0.02922279792746114	-0.02	-0.0122279792746114	-0.02	-0.014818652849740932	-0.02	0.011088082901554403	-0.02	-0.02	-0.02	-0.0018652849740932662	-0.02	-0.02	-0.007046632124352333	-0.02	-0.02	-0.02	-0.02	0.09139896373056994	-0.02	-0.02	0.011088082901554403	-0.02	-0.0122279792746114
-0.02	-0.02	-0.02	-0.005227272727272728	-0.02	-0.02	-0.02	-0.02	0.017499999999999998	-0.02	-0.02	-0.02	-0.02	-0.02	-0.02	-0.006363636363636365	-0.02	-0.02	0.02431818181818182	-0.02	0.10159090909090909	-0.02	-0.02	-0.02	-0.005227272727272728	-0.02	-0.02	-0.02	-0.02	-0.02	-0.02	-0.02	-0.02	-0.02	-0.02	-0.02	-0.02	0.08113636363636363	-0.02	-0.02	-0.02	-0.02	-0.02	-0.02	-0.02	-0.02	-0.02	-0.02	-0.02	-0.02	-0.02	-0.02	-0.02	-0.02	0.010681818181818181	-0.02	-0.02	-0.02	-0.02	-0.02	-0.02	-0.005227272727272728	-0.02	-0.02	-0.02	-0.005227272727272728	-0.02	-0.02	-0.005227272727272728	-0.02	-0.02	-0.02	-0.02	-0.02	-0.02	-0.02	-0.02	-0.02	-0.02	-0.02	-0.02	-0.02	-0.02	-0.02	-0.02	0.009545454545454544	-0.02	-0.02	-0.02	-0.02	-0.02	-0.02	0.018636363636363635	-0.02	-0.02	-0.02	-0.02	-0.02	-0.02	0.07318181818181818	-0.02	-0.0018181818181818195	-0.02	-0.02	-0.02	-0.02	-0.02	-0.02	-0.02	-0.02	-0.02	-0.02	-0.02	-0.02	-0.02	-0.02	-0.02	-0.02	-0.02	-0.02	-0.02	0.06863636363636363	-0.02	-0.02	-0.02	0.011818181818181814	-0.02	-0.02	0.009545454545454544	-0.02	-0.02	-0.02	-0.02	-0.02	-0.02	-0.02	-0.02	-0.02	-0.02	-0.02	-0.02	-0.02	-0.02	-0.02	-0.02	-0.02	0.17204545454545456	-0.02	0.035681818181818176
-0.02	-0.02	-0.02	-0.02	-0.02	-0.02	-0.02	-0.02	-0.02	-0.02	-0.02	-0.02	-0.02	-0.02	-0.02	-0.02	-0.02	-0.02	-0.02	-0.02	0.20033898305084746	-0.02	-0.02	-0.02	-0.02	-0.02	-0.02	-0.02	-0.02	-0.02	-0.02	-0.02	-0.02	-0.02	-0.02	-0.02	-0.02	-0.02	-0.02	-0.02	-0.02	-0.02	-0.02	-0.02	-0.02	-0.02	-0.02	-0.02	-0.02	-0.02	-0.02	-0.02	-0.02	-0.02	-0.02	-0.02	-0.02	-0.02	-0.02	-0.02	-0.02	-0.02	-0.02	-0.02	-0.02	-0.02	-0.02	-0.02	-0.02	-0.02	-0.02	-0.02	-0.02	-0.02	-0.02	-0.02	-0.02	-0.02	-0.02	-0.02	-0.02	-0.02	-0.02	-0.02	-0.02	-0.02	-0.02	-0.02	-0.02	-0.02	-0.02	-0.02	-0.02	-0.02	-0.02	-0.02	-0.02	-0.02	-0.02	-0.02	-0.02	-0.02	-0.02	-0.02	-0.02	-0.02	-0.02	-0.02	-0.02	-0.02	-0.02	-0.02	-0.02	-0.02	-0.02	-0.02	-0.02	-0.02	-0.02	-0.02	-0.02	-0.02	-0.02	-0.02	-0.02	0.28508474576271187	-0.02	-0.02	-0.02	-0.02	-0.02	-0.02	-0.02	-0.02	-0.02	-0.02	-0.02	-0.02	-0.02	-0.02	-0.02	-0.02	-0.02	0.4545762711864407	-0.02	-0.02	-0.02	-0.02	-0.02
-0.02	-0.02	-0.002528263103802674	-0.004583761562178828	-0.02	-0.02	0.002610483042137717	-0.02	-0.02	-0.02	-0.02	-0.02	-0.02	-0.02	-0.02	0.005693730729701953	-0.02	-0.02	0.024193216855087355	-0.02	-0.02	-0.02	-0.02	-0.02	-0.02	-0.02	-0.02	-0.02	-0.02	0.023165467625899282	-0.02	-0.02	-0.02	-0.02	-0.02	-0.02	-0.02	0.05399794450154162	-0.02	-0.02	-0.02	-0.02	-0.02	-0.02	-0.02	-0.02	-0.02	-0.02	-0.02	-0.02	-0.02	-0.02	-0.02	-0.02	0.01802672147995889	-0.02	-0.02	-0.02	0.027276464542651594	-0.02	-0.02	-0.02	-0.02	-0.02	-0.02	0.026248715313463514	-0.005611510791366906	-0.02	-0.02	-0.02	-0.02	-0.02	-0.02	-0.02	-0.02	-0.02	-0.02	0.03960945529290853	-0.02	-0.02	-0.02	-0.02	-0.02	-0.02	-0.02	0.04063720452209661	-0.02	-0.02	-0.02	-0.02	-0.02	-0.02	0.027276464542651594	-0.02	-0.02	-0.02	-0.02	-0.02	-0.02	-0.02	-0.02	0.04372045220966084	-0.02	-0.02	-0.02	-0.005611510791366906	-0.02	-0.02	-0.02	-0.02	-0.02	-0.02	-0.02	-0.0035560123329907503	-0.02	-0.02	-0.02	-0.02	-0.02	-0.02	-0.02	0.06735868448098664	-0.02	-0.02	-0.02	-0.02	-0.02	-0.004583761562178828	-0.02	0.07866392600205549	-0.02	-0.006639260020554986	-0.02	-0.005611510791366906	-0.02	0.05399794450154162	-0.02	-0.02	-0.02	-0.02	-0.02	-0.02	-0.02	-0.02	-0.02	-0.02	0.026248715313463514	-0.02	-0.02
-0.02	-0.02	0.02126984126984127	-0.007301587301587302	-0.02	-0.02	-0.02	-0.02	0.03396825396825397	-0.02	-0.02	-0.02	-0.02	-0.02	-0.02	-0.02	-0.02	-0.02	-0.0009523809523809511	-0.02	0.043492063492063485	-0.02	-0.02	-0.02	-0.02	-0.013650793650793651	-0.02	-0.02	-0.02	0.00857142857142857	-0.02	-0.02	-0.02	-0.02	-0.02	-0.02	-0.02	-0.02	-0.016825396825396827	-0.02	-0.02	-0.016825396825396827	-0.02	-0.02	-0.016825396825396827	-0.02	-0.02	-0.02	-0.02	-0.02	-0.02	-0.02	-0.02	-0.02	0.02126984126984127	-0.02	-0.02	-0.02	0.024444444444444446	-0.02	-0.02	-0.016825396825396827	-0.02	-0.02	-0.02	-0.02	-0.02	-0.02	-0.02	-0.02	-0.02	-0.02	-0.02	-0.02	-0.02	-0.02	-0.02	-0.02	-0.02	-0.02	-0.013650793650793651	-0.02	-0.02	-0.02	-0.02	-0.010476190476190476	-0.02	-0.02	-0.02	-0.02	-0.02	-0.02	0.08793650793650794	-0.02	-0.02	-0.02	-0.02	-0.02	-0.02	0.09746031746031746	-0.02	0.09428571428571428	-0.02	-0.02	-0.02	0.024444444444444446	-0.02	-0.02	-0.02	-0.02	-0.02	-0.016825396825396827	-0.02	-0.007301587301587302	-0.02	-0.02	-0.02	-0.02	-0.02	-0.02	-0.02	0.043492063492063485	-0.02	-0.02	-0.02	0.05619047619047619	-0.02	-0.02	-0.010476190476190476	-0.02	-0.02	-0.02	-0.02	-0.02	-0.02	-0.013650793650793651	-0.02	-0.02	0.0022222222222222227	-0.02	-0.02	-0.02	-0.02	-0.010476190476190476	-0.02	-0.02	-0.02	-0.02	0.053015873015873016
-0.018491704374057314	-0.02	-0.00039215686274509873	-0.013966817496229262	-0.02	-0.02	-0.018491704374057314	-0.02	-0.02	-0.02	-0.02	-0.02	-0.02	-0.02	-0.018491704374057314	-0.009441930618401206	-0.02	-0.013966817496229262	0.028265460030165914	-0.02	0.15194570135746607	-0.02	-0.02	-0.018491704374057314	-0.02	-0.006425339366515837	-0.018491704374057314	-0.02	-0.018491704374057314	-0.015475113122171945	-0.02	-0.02	-0.010950226244343891	-0.02	-0.02	-0.02	-0.02	-0.013966817496229262	-0.018491704374057314	-0.02	-0.02	-0.02	-0.02	-0.02	-0.01698340874811463	-0.015475113122171945	-0.02	-0.02	-0.02	-0.02	-0.02	-0.02	-0.02	-0.02	-0.012458521870286576	-0.02	-0.02	-0.02	-0.02	-0.02	0.03429864253393665	-0.01698340874811463	-0.02	-0.02	-0.02	-0.02	-0.02	-0.02	-0.02	0.05692307692307692	-0.02	-0.02	-0.02	-0.02	-0.018491704374057314	-0.02	-0.02	-0.012458521870286576	-0.003408748114630468	0.017707390648567117	-0.02	-0.006425339366515837	-0.003408748114630468	-0.01698340874811463	-0.013966817496229262	-0.018491704374057314	-0.02	-0.02	-0.02	-0.02	-0.02	-0.02	-0.0049170437405731526	-0.02	-0.02	-0.02	-0.02	-0.02	-0.02	-0.018491704374057314	-0.02	0.022232277526395176	-0.02	0.03580693815987934	-0.02	-0.010950226244343891	-0.02	-0.02	-0.02	-0.02	0.03429864253393665	-0.02	-0.02	-0.013966817496229262	-0.02	-0.02	-0.02	-0.02	-0.018491704374057314	-0.02	-0.02	0.06446455505279035	-0.006425339366515837	-0.02	-0.02	0.00564102564102564	-0.02	-0.0049170437405731526	-0.015475113122171945	0.011674208144796378	-0.02	-0.013966817496229262	-0.02	-0.02	-0.02	-0.018491704374057314	-0.02	-0.02	-0.01698340874811463	-0.02	-0.02	-0.018491704374057314	-0.02	0.004132730015082957	-0.02	-0.006425339366515837	0.00564102564102564	-0.02	-0.015475113122171945
-0.02	-0.02	-0.02	-0.02	-0.02	-0.02	-0.02	-0.02	0.005695931477516059	-0.02	-0.02	-0.02	-0.02	-0.02	-0.02	-0.007152034261241971	-0.02	-0.02	0.057087794432548175	-0.02	0.08278372591006423	-0.02	-0.02	-0.02	-0.02	-0.02	-0.02	-0.02	-0.02	0.005695931477516059	-0.02	-0.02	-0.02	-0.02	-0.02	-0.02	-0.02	0.005695931477516059	-0.02	-0.02	-0.02	-0.02	-0.02	-0.02	-0.02	-0.02	-0.02	-0.02	-0.02	-0.02	-0.02	-0.02	-0.02	-0.02	-0.02	-0.02	-0.02	-0.02	-0.02	-0.02	0.005695931477516059	-0.02	-0.02	-0.007152034261241971	-0.02	-0.02	-0.02	-0.02	-0.02	0.09563169164882226	-0.02	-0.02	-0.02	-0.02	-0.02	-0.02	-0.02	-0.007152034261241971	-0.02	-0.02	-0.02	-0.02	-0.02	-0.02	-0.02	-0.02	-0.02	-0.02	-0.02	-0.02	-0.02	-0.02	-0.02	-0.02	-0.02	-0.02	-0.02	-0.02	-0.02	0.04316916488222698	-0.02	-0.02	-0.02	-0.02	0.09563169164882226	0.01854389721627409	-0.02	-0.02	-0.02	-0.02	-0.02	-0.02	-0.02	0.005695931477516059	-0.02	-0.02	-0.02	-0.02	-0.02	-0.02	-0.007152034261241971	0.13417558886509637	0.044239828693790145	-0.02	-0.02	-0.02	-0.02	-0.02	-0.02	-0.007152034261241971	-0.02	0.044239828693790145	-0.02	-0.02	-0.02	-0.02	-0.02	-0.02	-0.02	-0.02	-0.02	-0.02	-0.02	-0.02	-0.02	-0.00822269807280514	-0.02	-0.02	-0.02
-0.02	-0.02	-0.02	-0.011228070175438597	-0.02	-0.02	-0.02	-0.02	-0.02	-0.02	-0.02	-0.02	-0.02	-0.02	-0.02	-0.0024561403508771944	-0.02	-0.02	0.3133333333333333	-0.02	-0.02	-0.02	-0.02	-0.02	-0.02	-0.02	-0.02	-0.02	-0.02	-0.02	-0.02	-0.02	-0.02	-0.02	-0.02	-0.02	-0.02	-0.02	-0.02	-0.02	-0.02	-0.02	-0.02	-0.02	-0.02	-0.02	-0.02	-0.02	-0.02	-0.02	-0.02	-0.02	-0.02	-0.02	-0.02	-0.02	-0.02	-0.02	-0.02	-0.02	0.09403508771929824	0.032631578947368414	-0.02	-0.02	-0.02	-0.02	-0.02	-0.02	-0.02	-0.02	-0.02	-0.02	-0.02	-0.02	-0.02	-0.02	-0.02	-0.011228070175438597	-0.02	-0.02	-0.02	-0.02	-0.02	0.16421052631578947	-0.02	0.04140350877192982	-0.02	-0.02	-0.02	-0.02	-0.02	-0.02	-0.02	-0.02	-0.02	-0.02	-0.02	-0.02	-0.02	0.08526315789473683	-0.02	-0.02	-0.02	-0.02	-0.02	-0.02	-0.02	-0.02	-0.02	-0.02	-0.02	-0.02	-0.02	-0.02	-0.02	-0.02	-0.02	-0.02	-0.02	-0.02	-0.02	-0.0024561403508771944	-0.02	-0.02	-0.02	-0.02	-0.02	0.015087719298245612	-0.02	-0.02	-0.02	0.032631578947368414	-0.02	-0.02	-0.02	-0.02	-0.02	-0.02	-0.02	-0.02	-0.02	-0.02	-0.02	-0.011228070175438597	-0.02	-0.02	-0.02	-0.02	-0.02
-0.02	-0.02	-0.02	-0.02	-0.02	-0.02	-0.02	-0.02	-0.02	-0.02	-0.02	-0.02	-0.02	-0.02	-0.02	-0.02	-0.02	-0.02	-0.02	-0.02	0.3133333333333333	-0.02	-0.02	-0.02	-0.02	-0.02	-0.02	-0.02	-0.02	-0.02	-0.02	-0.02	-0.02	-0.02	-0.02	-0.02	-0.02	-0.02	-0.02	-0.02	-0.02	-0.02	-0.02	-0.02	-0.02	-0.02	-0.02	-0.02	-0.02	-0.02	-0.02	-0.02	-0.02	-0.02	-0.02	-0.02	-0.02	-0.02	-0.02	-0.02	-0.02	-0.02	-0.02	-0.02	-0.02	-0.02	-0.02	-0.02	-0.02	0.23	-0.02	-0.02	-0.02	-0.02	-0.02	-0.02	-0.02	-0.02	-0.02	-0.02	-0.02	-0.02	-0.02	-0.02	-0.02	-0.02	-0.02	-0.02	-0.02	-0.02	-0.02	-0.02	-0.02	-0.02	-0.02	-0.02	-0.02	-0.02	-0.02	-0.02	-0.02	-0.02	-0.02	-0.02	-0.02	-0.02	-0.02	-0.02	-0.02	-0.02	-0.02	-0.02	-0.02	-0.02	-0.02	-0.02	-0.02	-0.02	-0.02	-0.02	-0.02	-0.02	-0.02	-0.02	-0.02	-0.02	-0.02	-0.02	0.3133333333333333	-0.02	-0.02	0.06333333333333332	-0.02	-0.02	-0.02	-0.02	-0.02	-0.02	-0.02	-0.02	-0.02	-0.02	-0.02	-0.02	-0.02	-0.02	-0.02	-0.02	-0.02
-0.02	-0.02	-0.02	-0.02	-0.02	-0.02	-0.02	-0.02	-0.02	-0.02	-0.02	-0.02	-0.02	-0.02	-0.02	-0.02	-0.02	-0.02	-0.02	-0.02	-0.02	-0.02	-0.02	0.18000000000000002	-0.02	-0.02	-0.02	-0.02	-0.02	-0.02	-0.02	-0.02	-0.02	-0.02	-0.02	-0.02	-0.02	-0.02	-0.02	-0.02	0.04666666666666666	-0.02	-0.02	-0.02	-0.02	-0.02	-0.02	-0.02	-0.02	-0.02	-0.02	-0.02	-0.02	-0.02	0.11333333333333333	-0.02	-0.02	-0.02	-0.02	-0.02	-0.02	-0.02	-0.02	-0.02	-0.02	-0.02	-0.02	-0.02	-0.02	-0.02	-0.02	-0.02	-0.02	-0.02	-0.02	-0.02	-0.02	-0.02	-0.02	-0.02	-0.02	-0.02	-0.02	-0.02	-0.02	0.04666666666666666	-0.02	-0.02	-0.02	-0.02	-0.02	-0.02	0.11333333333333333	-0.02	-0.02	-0.02	-0.02	-0.02	-0.02	0.04666666666666666	-0.02	-0.02	-0.02	-0.02	-0.02	-0.02	-0.02	-0.02	-0.02	-0.02	-0.02	-0.02	-0.02	-0.02	-0.02	-0.02	-0.02	-0.02	-0.02	-0.02	-0.02	-0.02	-0.02	-0.02	-0.02	0.24666666666666667	-0.02	-0.02	0.04666666666666666	-0.02	-0.02	-0.02	-0.02	-0.02	-0.02	-0.02	-0.02	-0.02	-0.02	-0.02	-0.02	-0.02	-0.02	-0.02	-0.02	-0.02	-0.02	-0.02	-0.02
-0.02	-0.02	0.019215686274509803	-0.02	-0.02	-0.02	-0.01019607843137255	-0.02	-0.02	-0.02	-0.02	-0.02	-0.02	-0.02	-0.02	-0.01019607843137255	-0.02	-0.02	0.019215686274509803	-0.02	0.18588235294117647	-0.02	-0.02	-0.02	-0.02	-0.02	-0.02	-0.02	-0.02	-0.02	-0.02	-0.02	-0.01019607843137255	-0.02	-0.02	-0.02	-0.02	-0.02	-0.02	-0.02	-0.01019607843137255	-0.02	-0.02	-0.02	-0.02	-0.02	-0.02	-0.02	-0.02	-0.02	-0.02	-0.02	-0.02	-0.02	-0.01019607843137255	-0.02	-0.02	-0.02	-0.02	-0.02	-0.02	-0.02	-0.02	-0.02	-0.02	-0.02	-0.02	-0.02	-0.02	0.009411764705882352	-0.02	-0.02	-0.02	-0.02	-0.02	-0.02	-0.02	-0.02	-0.02	0.019215686274509803	-0.02	-0.02	-0.02	0.0388235294117647	-0.02	-0.02	-0.02	-0.02	-0.02	-0.02	-0.02	-0.02	0.0976470588235294	-0.02	-0.02	-0.02	-0.02	-0.02	-0.02	-0.02	-0.02	-0.00039215686274509873	-0.02	-0.02	-0.02	-0.02	-0.02	-0.02	-0.02	-0.02	-0.02	-0.02	-0.02	-0.02	-0.02	-0.02	-0.02	-0.02	-0.02	-0.02	-0.02	-0.02	-0.02	-0.02	-0.02	-0.02	-0.02	-0.02	0.04862745098039216	-0.02	-0.02	0.0584313725490196	-0.02	-0.02	-0.02	0.0584313725490196	-0.02	-0.02	-0.02	-0.02	-0.02	-0.02	-0.02	0.15647058823529414	-0.02	-0.02	-0.02	-0.02	-0.02
-0.02	-0.02	-0.02	0.057777777777777775	-0.02	-0.02	0.13	-0.02	-0.02	-0.02	-0.02	-0.02	-0.02	-0.02	-0.02	-0.02	-0.02	-0.02	0.013333333333333332	-0.02	0.030000000000000002	-0.02	-0.02	-0.02	-0.02	-0.02	-0.02	-0.02	-0.02	0.18555555555555556	-0.02	-0.02	-0.02	-0.02	-0.02	-0.02	-0.02	-0.02	-0.02	-0.02	-0.02	-0.02	-0.02	-0.02	-0.02	-0.02	-0.02	-0.02	-0.02	-0.02	-0.02	-0.02	-0.02	-0.02	0.21333333333333335	-0.02	-0.02	-0.02	-0.02	-0.02	-0.02	-0.02	-0.02	-0.02	-0.02	-0.02	-0.02	-0.02	-0.02	-0.02	-0.02	-0.02	-0.02	-0.02	-0.02	-0.02	-0.02	-0.02	-0.02	-0.02	-0.02	-0.02	-0.02	-0.02	-0.02	-0.02	-0.02	-0.02	-0.02	-0.02	-0.02	-0.02	-0.02	-0.02	-0.02	-0.02	-0.02	-0.02	-0.02	0.11333333333333333	-0.02	-0.02	-0.02	-0.02	-0.02	-0.02	-0.02	-0.02	-0.02	-0.02	-0.02	0.030000000000000002	-0.02	-0.02	-0.02	-0.02	-0.02	-0.02	-0.02	-0.02	-0.02	0.01888888888888889	-0.02	-0.02	-0.02	-0.02	-0.02	-0.02	-0.02	-0.02	-0.02	-0.02	-0.02	-0.02	-0.02	-0.02	-0.02	-0.02	0.007777777777777776	-0.02	-0.02	-0.02	-0.02	-0.02	-0.02	-0.02	-0.02	-0.02	-0.02
-0.02	-0.02	0.08	-0.02	-0.02	-0.02	0.013333333333333332	-0.02	-0.02	-0.02	-0.02	-0.02	-0.02	-0.02	-0.02	-0.02	-0.02	-0.02	0.08	-0.02	0.24666666666666667	-0.02	-0.02	-0.02	-0.02	-0.02	-0.02	-0.02	-0.02	-0.02	-0.02	-0.02	-0.02	-0.02	-0.02	-0.02	-0.02	-0.02	-0.02	-0.02	-0.02	-0.02	-0.02	-0.02	-0.02	-0.02	-0.02	-0.02	-0.02	-0.02	-0.02	-0.02	-0.02	-0.02	0.04666666666666666	-0.02	-0.02	-0.02	-0.02	-0.02	-0.02	-0.02	-0.02	-0.02	-0.02	-0.02	-0.02	-0.02	-0.02	-0.02	-0.02	-0.02	-0.02	-0.02	-0.02	-0.02	-0.02	-0.02	-0.02	-0.02	-0.02	-0.02	-0.02	-0.02	-0.02	-0.02	-0.02	-0.02	-0.02	-0.02	-0.02	-0.02	-0.02	-0.02	-0.02	-0.02	-0.02	-0.02	-0.02	0.013333333333333332	-0.02	-0.02	-0.02	-0.02	-0.02	-0.02	-0.02	-0.02	-0.02	-0.02	-0.02	0.04666666666666666	-0.02	-0.02	-0.02	-0.02	-0.02	-0.02	-0.02	-0.02	-0.02	-0.02	-0.02	-0.02	-0.02	0.18000000000000002	-0.02	-0.02	-0.02	-0.02	-0.02	-0.02	-0.02	-0.02	-0.02	-0.02	-0.02	-0.02	-0.02	-0.02	-0.02	-0.02	-0.02	0.11333333333333333	-0.02	-0.02	-0.02	-0.02	-0.02
-0.02	-0.02	0.11333333333333333	-0.02	-0.02	-0.02	0.04666666666666666	-0.02	-0.008888888888888889	-0.02	-0.02	-0.02	-0.02	-0.02	-0.02	-0.02	-0.02	-0.02	0.03555555555555555	-0.02	0.24666666666666667	-0.02	-0.02	-0.008888888888888889	-0.02	-0.02	-0.02	-0.02	-0.02	-0.02	-0.02	-0.02	-0.02	-0.02	-0.02	-0.02	-0.02	-0.02	-0.02	-0.02	-0.008888888888888889	-0.02	-0.02	-0.02	-0.02	-0.02	-0.02	-0.02	-0.02	-0.02	-0.02	-0.02	-0.02	-0.02	0.03555555555555555	-0.02	-0.02	-0.02	-0.02	-0.02	-0.02	-0.02	-0.02	-0.02	-0.02	-0.02	-0.02	-0.02	-0.02	0.013333333333333332	-0.02	-0.02	-0.02	-0.02	-0.02	-0.02	-0.02	-0.02	-0.02	0.013333333333333332	-0.02	-0.02	-0.02	-0.02	-0.02	-0.02	-0.02	-0.02	-0.02	-0.02	-0.02	-0.02	0.0911111111111111	-0.02	-0.02	-0.02	-0.02	-0.02	-0.02	0.0022222222222222227	-0.02	-0.008888888888888889	-0.02	-0.02	-0.02	-0.02	-0.02	-0.02	-0.02	-0.02	-0.02	-0.02	-0.02	-0.02	-0.02	-0.02	-0.02	-0.02	-0.02	0.0022222222222222227	-0.02	-0.02	-0.02	-0.02	-0.02	-0.008888888888888889	-0.02	-0.02	0.0022222222222222227	-0.02	-0.02	-0.02	-0.02	-0.02	-0.02	0.024444444444444446	-0.02	-0.02	-0.02	-0.02	-0.02	-0.02	-0.02	0.057777777777777775	-0.02	-0.02	-0.02	-0.02	-0.02
-0.02	-0.02	-0.02	-0.02	-0.02	-0.02	-0.02	-0.02	-0.016551724137931035	-0.02	-0.02	-0.02	-0.02	-0.02	-0.02	-0.0062068965517241385	-0.02	-0.02	0.007586206896551723	-0.02	0.1317241379310345	-0.02	-0.02	-0.02	-0.02	-0.02	-0.02	-0.02	-0.02	-0.02	-0.02	-0.02	-0.02	-0.02	-0.02	-0.02	-0.02	-0.02	-0.02	-0.02	-0.02	-0.02	-0.02	-0.02	-0.02	-0.02	-0.02	-0.02	-0.02	-0.02	-0.02	-0.02	-0.02	-0.02	-0.02	-0.02	-0.02	-0.02	-0.02	-0.02	-0.009655172413793104	-0.02	-0.02	-0.02	-0.02	-0.02	-0.02	-0.02	-0.02	0.0006896551724137924	-0.02	-0.02	-0.02	-0.02	-0.02	-0.02	-0.02	-0.02	-0.02	-0.02	-0.02	-0.02	-0.02	-0.02	-0.02	-0.02	-0.02	-0.02	-0.02	-0.02	-0.02	-0.02	-0.02	-0.02	-0.02	-0.02	-0.02	-0.02	-0.02	0.055862068965517236	-0.02	-0.02	-0.02	-0.02	-0.02	-0.02	-0.02	-0.02	-0.02	-0.02	-0.02	-0.02	-0.02	-0.02	-0.02	-0.02	-0.02	-0.02	-0.02	-0.02	-0.02	-0.02	-0.02	-0.02	-0.02	-0.016551724137931035	-0.02	-0.02	-0.002758620689655173	0.23517241379310347	-0.02	0.1524137931034483	-0.02	-0.02	-0.02	-0.02	-0.02	-0.02	-0.02	-0.02	-0.02	-0.02	-0.02	0.22482758620689655	-0.02	-0.016551724137931035	-0.02	-0.02	-0.02
-0.02	-0.02	-0.02	0.03555555555555555	-0.02	-0.02	0.0022222222222222227	-0.02	-0.02	-0.02	-0.02	-0.02	-0.02	-0.02	-0.02	-0.02	-0.02	-0.02	0.0022222222222222227	-0.02	0.04666666666666666	-0.02	-0.008888888888888889	0.12444444444444443	-0.02	-0.02	-0.02	-0.02	-0.02	0.04666666666666666	-0.02	-0.02	-0.02	-0.02	-0.02	-0.02	-0.02	-0.02	-0.02	-0.02	0.10222222222222221	-0.02	-0.02	-0.02	-0.02	-0.02	-0.02	-0.02	-0.02	-0.02	-0.02	-0.02	-0.02	-0.02	0.10222222222222221	-0.02	-0.02	-0.02	-0.02	-0.02	-0.02	-0.02	-0.02	-0.02	-0.02	-0.02	-0.02	-0.02	-0.02	-0.02	-0.02	-0.02	-0.02	-0.02	-0.02	-0.02	-0.02	-0.02	-0.02	-0.02	-0.02	-0.02	-0.02	-0.02	-0.02	-0.02	-0.02	-0.02	-0.02	-0.02	-0.02	-0.02	0.1688888888888889	-0.02	-0.02	-0.02	-0.02	-0.02	-0.02	0.0022222222222222227	-0.02	-0.02	-0.02	-0.02	-0.02	0.0022222222222222227	-0.02	-0.02	-0.02	-0.02	-0.02	-0.02	-0.02	0.013333333333333332	-0.02	-0.02	-0.02	-0.02	-0.02	-0.008888888888888889	-0.02	-0.02	-0.02	-0.02	-0.02	0.03555555555555555	-0.02	-0.02	0.013333333333333332	-0.02	-0.02	-0.02	-0.02	-0.02	-0.02	-0.02	-0.02	-0.02	-0.02	-0.02	-0.02	-0.02	-0.02	-0.02	-0.02	-0.02	-0.02	-0.02	-0.02
-0.02	-0.02	-0.02	-0.02	-0.02	-0.02	-0.02	-0.02	-0.02	-0.02	-0.02	-0.02	-0.02	-0.02	-0.02	-0.02	-0.02	-0.02	0.055757575757575756	-0.02	-0.02	-0.02	-0.02	-0.02	-0.02	-0.02	-0.02	-0.02	-0.02	-0.02	-0.02	-0.02	-0.02	-0.02	-0.02	-0.02	-0.02	-0.02	-0.0048484848484848485	-0.02	0.040606060606060604	0.010303030303030303	-0.02	-0.02	-0.02	-0.02	-0.02	-0.02	-0.02	-0.02	-0.02	-0.02	-0.02	-0.02	0.16181818181818183	-0.02	-0.02	-0.02	-0.02	-0.02	-0.02	-0.02	-0.02	-0.02	-0.02	-0.02	-0.02	-0.02	-0.02	-0.02	-0.02	-0.02	-0.02	-0.02	-0.02	-0.02	-0.02	-0.02	-0.02	-0.02	-0.0048484848484848485	-0.02	-0.02	0.10121212121212121	-0.02	0.010303030303030303	-0.02	-0.02	-0.02	-0.02	-0.02	-0.02	-0.02	-0.02	-0.02	-0.02	-0.02	-0.02	-0.02	-0.02	-0.02	-0.02	-0.02	-0.02	-0.02	0.010303030303030303	-0.02	-0.02	-0.02	-0.02	-0.02	-0.02	-0.02	-0.02	-0.02	-0.02	-0.02	-0.02	-0.02	-0.02	-0.02	-0.02	-0.02	-0.02	-0.02	0.025454545454545455	-0.02	0.025454545454545455	0.040606060606060604	-0.02	-0.02	-0.02	-0.02	-0.02	-0.02	-0.0048484848484848485	-0.02	-0.02	-0.02	-0.02	-0.0048484848484848485	-0.02	-0.02	0.025454545454545455	-0.02	-0.02	0.19212121212121214	-0.02	-0.02
-0.02	-0.02	0.004154589371980676	-0.02	-0.02	-0.02	0.18772946859903383	-0.02	-0.02	-0.02	-0.02	-0.02	-0.02	-0.02	-0.02	-0.02	-0.02	-0.02	-0.02	-0.02	-0.015169082125603865	-0.02	-0.02	-0.02	-0.02	-0.02	-0.02	-0.02	-0.02	0.013816425120772944	-0.02	-0.02	-0.02	-0.02	-0.02	-0.02	-0.02	0.004154589371980676	-0.02	-0.02	-0.02	-0.02	-0.02	-0.02	-0.02	-0.02	-0.02	-0.02	-0.02	-0.02	-0.02	-0.02	-0.02	-0.02	0.09594202898550724	-0.02	-0.02	-0.02	-0.02	-0.02	-0.02	-0.02	-0.02	-0.02	-0.02	-0.02	-0.02	-0.02	-0.02	0.0766183574879227	-0.02	-0.02	-0.02	-0.02	-0.02	-0.02	-0.02	-0.02	-0.02	0.14425120772946862	-0.02	-0.02	-0.02	-0.02	-0.02	-0.02	-0.02	-0.02	-0.02	-0.02	-0.02	-0.02	-0.015169082125603865	-0.02	-0.02	-0.02	-0.02	-0.02	-0.02	-0.02	-0.02	-0.01033816425120773	-0.02	-0.02	-0.02	0.013816425120772944	-0.02	-0.02	-0.02	-0.02	-0.02	-0.02	-0.02	0.02830917874396135	-0.02	-0.02	-0.02	-0.02	-0.02	0.008985507246376812	-0.02	-0.015169082125603865	-0.02	-0.02	-0.02	-0.02	-0.02	-0.02	-0.02	-0.02	-0.02	-0.02	-0.02	-0.02	-0.02	0.1684057971014493	-0.02	-0.02	-0.01033816425120773	-0.02	-0.02	-0.02	-0.02	-0.02	-0.02	-0.02	-0.02	-0.02	-0.02
-0.02	-0.02	-0.02	-0.02	-0.02	-0.02	-0.02	-0.02	-0.02	-0.02	-0.02	-0.02	-0.02	-0.02	-0.02	-0.02	-0.02	-0.02	-0.02	-0.02	0.14666666666666667	-0.02	-0.02	-0.02	0.14666666666666667	-0.02	-0.02	-0.02	-0.02	-0.02	-0.02	-0.02	-0.02	-0.02	-0.02	-0.02	-0.02	-0.02	-0.02	-0.02	-0.02	-0.02	-0.02	-0.02	-0.02	-0.02	-0.02	-0.02	-0.02	-0.02	-0.02	-0.02	-0.02	-0.02	-0.02	-0.02	-0.02	-0.02	-0.02	-0.02	-0.02	-0.02	-0.02	-0.02	-0.02	0.14666666666666667	-0.02	-0.02	-0.02	-0.02	-0.02	-0.02	-0.02	-0.02	-0.02	-0.02	-0.02	-0.02	-0.02	-0.02	-0.02	-0.02	-0.02	-0.02	-0.02	0.14666666666666667	-0.02	-0.02	-0.02	-0.02	-0.02	-0.02	-0.02	-0.02	-0.02	-0.02	-0.02	-0.02	-0.02	0.14666666666666667	-0.02	-0.02	-0.02	-0.02	-0.02	-0.02	-0.02	-0.02	-0.02	-0.02	-0.02	-0.02	-0.02	-0.02	-0.02	-0.02	-0.02	-0.02	-0.02	-0.02	-0.02	-0.02	-0.02	-0.02	-0.02	-0.02	-0.02	-0.02	0.14666666666666667	-0.02	-0.02	-0.02	-0.02	-0.02	-0.02	-0.02	-0.02	-0.02	-0.02	-0.02	-0.02	-0.02	-0.02	-0.02	-0.02	-0.02	-0.02	-0.02	-0.02
-0.02	-0.02	-0.02	-0.02	-0.02	-0.02	-0.02	-0.02	-0.02	-0.02	-0.02	-0.02	-0.02	-0.02	-0.02	-0.02	-0.02	-0.02	0.14666666666666667	-0.02	-0.02	-0.02	-0.02	-0.02	-0.02	-0.02	-0.02	-0.02	-0.02	-0.02	-0.02	-0.02	0.021666666666666664	-0.02	-0.02	-0.02	-0.02	-0.02	-0.02	-0.02	-0.02	-0.02	-0.02	-0.02	-0.02	-0.02	-0.02	-0.02	-0.02	-0.02	-0.02	-0.02	-0.02	-0.02	0.06333333333333332	-0.02	-0.02	-0.02	-0.02	-0.02	-0.02	-0.02	-0.02	-0.02	-0.02	-0.02	-0.02	-0.02	-0.02	-0.02	-0.02	-0.02	-0.02	-0.02	-0.02	-0.02	-0.02	-0.02	-0.02	-0.02	-0.02	-0.02	-0.02	-0.02	-0.02	-0.02	-0.02	-0.02	-0.02	-0.02	-0.02	-0.02	-0.02	-0.02	-0.02	-0.02	-0.02	-0.02	-0.02	-0.02	-0.02	-0.02	-0.02	-0.02	-0.02	-0.02	-0.02	-0.02	-0.02	-0.02	-0.02	-0.02	-0.02	-0.02	-0.02	-0.02	-0.02	-0.02	-0.02	-0.02	-0.02	-0.02	-0.02	-0.02	-0.02	-0.02	-0.02	0.06333333333333332	0.021666666666666664	-0.02	-0.02	0.3133333333333333	-0.02	-0.02	-0.02	-0.02	-0.02	-0.02	-0.02	-0.02	-0.02	-0.02	-0.02	0.23	-0.02	-0.02	-0.02	-0.02	-0.02
-0.02	-0.02	0.013333333333333332	-0.02	-0.02	-0.02	-0.02	-0.02	-0.02	-0.02	-0.02	-0.02	-0.02	-0.02	-0.02	-0.02	-0.02	-0.02	-0.02	-0.02	0.27999999999999997	-0.02	-0.02	-0.02	-0.02	-0.02	-0.02	-0.02	-0.02	-0.02	-0.02	-0.02	-0.02	-0.02	-0.02	-0.02	-0.02	-0.02	-0.02	-0.02	-0.02	-0.02	-0.02	-0.02	-0.02	-0.02	-0.02	-0.02	-0.02	-0.02	-0.02	-0.02	-0.02	-0.02	0.04666666666666666	-0.02	-0.02	-0.02	-0.02	-0.02	-0.02	-0.02	-0.02	-0.02	-0.02	-0.02	-0.02	-0.02	-0.02	-0.02	-0.02	-0.02	-0.02	-0.02	-0.02	-0.02	-0.02	-0.02	-0.02	-0.02	-0.02	-0.02	-0.02	-0.02	-0.02	0.013333333333333332	-0.02	-0.02	-0.02	-0.02	-0.02	-0.02	-0.02	-0.02	-0.02	-0.02	-0.02	-0.02	-0.02	-0.02	-0.02	-0.02	-0.02	-0.02	0.3466666666666666	-0.02	-0.02	-0.02	-0.02	-0.02	-0.02	0.013333333333333332	-0.02	-0.02	-0.02	-0.02	-0.02	-0.02	-0.02	-0.02	-0.02	-0.02	-0.02	-0.02	-0.02	-0.02	-0.02	-0.02	0.04666666666666666	-0.02	-0.02	0.04666666666666666	-0.02	-0.02	-0.02	-0.02	-0.02	-0.02	-0.02	-0.02	-0.02	-0.02	-0.02	0.013333333333333332	-0.02	-0.02	-0.02	-0.02	-0.02
-0.02	-0.02	0.14666666666666667	-0.02	-0.02	-0.02	-0.02	-0.02	0.04666666666666666	-0.02	-0.02	-0.02	-0.02	-0.02	-0.02	-0.02	-0.02	-0.02	0.013333333333333332	-0.02	0.04666666666666666	-0.02	-0.02	-0.02	-0.02	-0.02	-0.02	-0.02	-0.02	-0.02	-0.02	-0.02	-0.02	-0.02	-0.02	-0.02	-0.02	-0.02	-0.02	-0.02	0.013333333333333332	-0.02	-0.02	-0.02	-0.02	-0.02	-0.02	-0.02	-0.02	-0.02	-0.02	-0.02	-0.02	-0.02	0.08	-0.02	-0.02	-0.02	-0.02	-0.02	-0.02	-0.02	-0.02	-0.02	-0.02	-0.02	-0.02	-0.02	-0.02	-0.02	-0.02	-0.02	-0.02	-0.02	-0.02	-0.02	-0.02	-0.02	-0.02	-0.02	-0.02	-0.02	-0.02	-0.02	-0.02	0.04666666666666666	-0.02	-0.02	-0.02	-0.02	-0.02	-0.02	0.18000000000000002	-0.02	-0.02	-0.02	-0.02	-0.02	-0.02	0.08	-0.02	-0.02	-0.02	-0.02	-0.02	0.013333333333333332	-0.02	-0.02	-0.02	-0.02	-0.02	-0.02	-0.02	-0.02	-0.02	-0.02	-0.02	-0.02	-0.02	-0.02	-0.02	-0.02	-0.02	-0.02	-0.02	-0.02	-0.02	-0.02	-0.02	-0.02	-0.02	-0.02	-0.02	-0.02	-0.02	0.013333333333333332	-0.02	-0.02	-0.02	-0.02	-0.02	-0.02	-0.02	0.04666666666666666	-0.02	-0.02	-0.02	-0.02	0.013333333333333332
-0.02	-0.02	-0.02	-0.02	-0.02	-0.02	-0.02	-0.02	-0.02	-0.02	-0.02	-0.02	-0.02	-0.02	-0.02	-0.02	-0.02	-0.02	-0.02	-0.02	0.21958333333333335	-0.02	-0.02	-0.02	-0.02	-0.02	-0.02	-0.02	-0.02	-0.02	-0.02	-0.02	-0.02	-0.02	-0.02	-0.02	-0.02	-0.02	-0.02	-0.02	-0.02	-0.02	-0.02	-0.02	-0.02	-0.02	-0.02	-0.02	-0.02	-0.02	0.058124999999999996	-0.02	-0.02	-0.02	0.058124999999999996	-0.02	-0.02	-0.02	-0.02	-0.02	-0.02	-0.02	-0.02	-0.02	-0.02	-0.02	-0.02	-0.02	-0.02	-0.02	-0.02	-0.02	-0.02	-0.02	-0.02	-0.02	-0.02	0.09979166666666667	-0.02	-0.02	-0.02	-0.02	-0.02	-0.02	-0.02	-0.02	-0.02	-0.02	-0.02	-0.02	-0.02	-0.02	0.308125	-0.02	-0.02	-0.02	-0.02	-0.02	-0.02	-0.02	-0.02	-0.02	-0.02	-0.02	-0.02	-0.02	-0.02	-0.02	-0.02	-0.02	-0.02	-0.02	-0.02	-0.02	-0.02	-0.02	-0.02	-0.02	-0.02	-0.02	-0.02	-0.02	-0.02	-0.02	-0.02	0.13625	-0.02	-0.02	-0.02	-0.02	-0.02	-0.02	-0.02	-0.02	-0.02	-0.02	-0.02	-0.02	-0.02	-0.02	-0.02	-0.02	-0.02	-0.02	-0.02	-0.02	-0.02	-0.02	-0.02
-0.02	-0.012170022371364653	-0.02	-0.013288590604026845	-0.02	-0.02	-0.02	-0.017762863534675617	-0.013288590604026845	-0.02	-0.02	-0.02	-0.02	-0.016644295302013425	-0.01888143176733781	-0.017762863534675617	-0.004340044742729306	-0.01888143176733781	0.009082774049217	-0.02	0.10416107382550335	-0.02	-0.02	-0.02	-0.02	-0.0009843400447427306	-0.02	-0.01888143176733781	-0.01888143176733781	-0.0054586129753915	-0.014407158836689037	-0.02	-0.012170022371364653	-0.014407158836689037	-0.016644295302013425	-0.02	-0.01888143176733781	-0.007695749440715884	-0.01888143176733781	-0.02	-0.01888143176733781	-0.02	-0.02	-0.017762863534675617	-0.016644295302013425	-0.01888143176733781	-0.017762863534675617	-0.02	-0.02	-0.02	-0.01888143176733781	-0.02	-0.02	-0.01888143176733781	0.004608501118568233	-0.02	-0.02	-0.02	-0.006577181208053692	-0.02	0.00013422818791946137	-0.02	-0.02	0.0068456375838926165	-0.02	-0.02	-0.02	-0.02	-0.02	-0.014407158836689037	-0.02	-0.02	-0.02	-0.02	-0.013288590604026845	-0.01888143176733781	-0.02	0.007964205816554808	-0.01888143176733781	-0.004340044742729306	0.0012527964205816568	-0.013288590604026845	-0.013288590604026845	-0.017762863534675617	-0.017762863534675617	-0.015525727069351231	-0.02	-0.02	-0.013288590604026845	-0.02	-0.02	-0.02	0.0012527964205816568	-0.01888143176733781	-0.02	-0.02	-0.02	-0.02	-0.016644295302013425	0.03257270693512304	-0.02	-0.007695749440715884	-0.017762863534675617	-0.014407158836689037	-0.015525727069351231	0.02809843400447427	-0.02	-0.0021029082774049225	-0.02	-0.02	-0.02	-0.02	-0.02	-0.013288590604026845	-0.02	-0.02	-0.02	-0.02	-0.015525727069351231	-0.02	-0.02	0.03704697986577181	0.05494407158836688	-0.01888143176733781	-0.015525727069351231	0.0392841163310962	-0.02	-0.004340044742729306	-0.015525727069351231	0.0023713646532438487	-0.013288590604026845	-0.011051454138702461	-0.02	-0.02	-0.02	-0.014407158836689037	-0.02	-0.01888143176733781	-0.013288590604026845	-0.02	-0.016644295302013425	-0.01888143176733781	-0.006577181208053692	-0.0009843400447427306	-0.02	-0.011051454138702461	0.0023713646532438487	-0.02	-0.015525727069351231
-0.02	-0.02	-0.011853360488798372	-0.0037067209775967433	-0.02	-0.02	-0.009816700610997963	-0.02	0.024806517311608958	-0.02	-0.02	-0.02	-0.02	-0.02	-0.02	-0.011853360488798372	-0.02	-0.013890020366598779	0.0064765784114052954	-0.02	0.004439918533604887	-0.02	-0.02	-0.017963340122199592	-0.02	-0.017963340122199592	-0.02	-0.02	-0.02	-0.0016700610997963349	-0.02	-0.02	-0.011853360488798372	-0.02	-0.02	-0.02	-0.02	-0.015926680244399187	-0.02	-0.02	-0.02	-0.017963340122199592	-0.02	-0.02	-0.017963340122199592	-0.02	-0.02	-0.02	-0.02	-0.02	-0.02	-0.02	-0.02	-0.02	0.014623217922606926	-0.02	-0.02	-0.013890020366598779	-0.02	-0.02	-0.013890020366598779	-0.015926680244399187	-0.02	-0.017963340122199592	-0.02	-0.02	-0.017963340122199592	-0.02	-0.02	0.12663951120162933	-0.02	-0.02	-0.02	-0.02	-0.02	-0.02	-0.02	-0.007780040733197557	-0.007780040733197557	-0.02	-0.02	-0.005743380855397148	-0.015926680244399187	-0.015926680244399187	-0.02	-0.007780040733197557	-0.02	-0.02	-0.02	-0.02	-0.02	-0.02	0.06961303462321791	-0.02	-0.02	-0.02	-0.02	-0.02	-0.02	0.0064765784114052954	-0.02	-0.02	-0.02	-0.015926680244399187	0.018696537678207736	-0.0037067209775967433	-0.02	-0.02	-0.02	-0.02	-0.02	-0.017963340122199592	-0.02	-0.017963340122199592	-0.02	-0.02	-0.02	-0.02	-0.015926680244399187	-0.013890020366598779	-0.02	0.02684317718940937	0.051283095723014246	-0.02	-0.02	0.01665987780040733	-0.02	-0.013890020366598779	-0.015926680244399187	0.06146639511201629	-0.015926680244399187	0.020733197556008148	-0.02	-0.02	-0.02	-0.02	-0.02	-0.02	-0.015926680244399187	-0.017963340122199592	-0.02	-0.017963340122199592	-0.02	-0.009816700610997963	-0.02	-0.0037067209775967433	-0.0016700610997963349	-0.02	0.0024032586558044786
-0.016627318718381114	-0.02	-0.013254637436762227	-0.008195615514333896	-0.02	-0.02	-0.00482293423271501	-0.02	-0.01494097807757167	-0.02	-0.018313659359190555	-0.02	-0.02	-0.02	-0.02	-0.00482293423271501	-0.006509274873524453	-0.008195615514333896	0.02047217537942664	-0.02	0.05251264755480607	-0.02	-0.02	-0.02	-0.02	-0.008195615514333896	-0.02	-0.02	-0.02	-0.001450252951096121	-0.02	-0.02	-0.02	-0.018313659359190555	-0.02	-0.018313659359190555	-0.02	-0.02	-0.02	-0.02	-0.02	-0.02	-0.02	-0.02	-0.013254637436762227	-0.013254637436762227	-0.018313659359190555	-0.02	-0.02	-0.02	-0.02	-0.01494097807757167	-0.02	-0.02	0.013726812816188868	-0.018313659359190555	-0.02	-0.02	-0.01494097807757167	-0.02	0.040708263069139966	0.005295109612141653	-0.02	-0.016627318718381114	-0.02	-0.016627318718381114	-0.02	-0.02	-0.02	0.0019224283305227657	-0.02	-0.02	-0.02	-0.02	-0.02	-0.02	-0.02	0.0019224283305227657	-0.016627318718381114	-0.01494097807757167	-0.02	-0.02	-0.018313659359190555	-0.006509274873524453	-0.018313659359190555	-0.018313659359190555	-0.02	-0.02	-0.018313659359190555	-0.02	-0.02	-0.02	0.005295109612141653	-0.02	-0.02	-0.018313659359190555	-0.02	-0.02	-0.02	0.0036087689713322074	-0.00988195615514334	-0.013254637436762227	-0.02	-0.0031365935919055662	-0.02	0.033962900505902185	-0.018313659359190555	-0.02	-0.02	-0.02	0.00866779089376054	-0.016627318718381114	-0.02	-0.006509274873524453	-0.02	-0.02	-0.00482293423271501	-0.02	-0.001450252951096121	-0.02	-0.02	0.08455311973018549	-0.011568296795952783	-0.02	-0.02	-0.008195615514333896	-0.02	-0.006509274873524453	-0.013254637436762227	0.0019224283305227657	-0.02	0.06431703204047218	-0.02	-0.02	-0.018313659359190555	-0.018313659359190555	-0.02	-0.02	-0.02	-0.02	-0.02	-0.02	-0.018313659359190555	-0.01494097807757167	-0.02	0.0019224283305227657	0.013726812816188868	-0.02	-0.013254637436762227
-0.02	-0.02	-0.014589720468890892	-0.007376014427412083	-0.02	-0.02	-0.010982867448151488	-0.02	0.013363390441839495	-0.02	-0.02	-0.02	-0.02	-0.02	-0.02	-0.02	-0.02	-0.013688007213706041	-0.017294860234445448	-0.02	0.10533814247069433	-0.02	-0.02	-0.02	-0.02	-0.02	-0.02	-0.02	-0.02	-0.0064743011722272325	-0.02	-0.02	-0.02	-0.02	-0.02	-0.02	-0.02	-0.02	-0.01909828674481515	-0.02	-0.01909828674481515	-0.01278629395852119	-0.02	-0.02	-0.02	-0.02	-0.02	-0.02	-0.02	-0.02	-0.02	-0.02	-0.02	-0.02	0.004346257889990983	-0.02	-0.02	-0.017294860234445448	0.03770964833183048	-0.02	-0.02	-0.007376014427412083	-0.016393146979260597	-0.0019657348963029765	-0.02	-0.02	-0.02	-0.02	-0.02	-0.016393146979260597	-0.02	-0.02	-0.013688007213706041	-0.02	-0.02	-0.02	-0.02	-0.02	-0.02	0.011559963931469793	-0.02	-0.02	-0.02	-0.02	-0.02	0.009756537421100091	-0.02	-0.02	-0.02	-0.01909828674481515	-0.02	-0.02	0.024183949504057712	-0.02	-0.01909828674481515	-0.02	-0.02	-0.02	-0.02	0.003444544634806132	-0.02	0.08189359783588819	-0.02	-0.02	0.008854824165915237	-0.016393146979260597	-0.02	-0.0181965734896303	-0.02	-0.02	-0.02	-0.02	-0.02	-0.02	-0.02	-0.02	-0.02	-0.02	-0.02	-0.0181965734896303	-0.02	-0.0019657348963029765	-0.0181965734896303	-0.02	-0.02	0.10082957619477007	-0.02	-0.010081154192966638	0.021478809738503152	-0.02	-0.02	-0.015491433724075744	-0.01909828674481515	-0.02	-0.02	0.0963210099188458	-0.01909828674481515	-0.02	-0.014589720468890892	-0.02	0.003444544634806132	-0.02	-0.02	0.002542831379621281	-0.02	-0.02	-0.0181965734896303	-0.02	-0.0028674481514878274
-0.02	-0.02	-0.02	-0.02	-0.02	-0.02	-0.02	-0.02	-0.02	-0.02	-0.02	-0.02	-0.02	-0.02	-0.02	-0.02	-0.02	-0.02	-0.02	-0.02	-0.02	-0.02	-0.02	-0.02	-0.02	-0.02	-0.02	-0.02	-0.02	-0.02	-0.02	-0.02	-0.02	-0.02	-0.02	-0.02	-0.02	-0.02	-0.02	-0.02	-0.02	-0.02	-0.02	-0.02	-0.02	-0.02	-0.02	-0.02	-0.02	-0.02	-0.02	-0.02	-0.02	-0.02	-0.02	-0.02	-0.02	-0.02	-0.02	-0.02	-0.02	-0.02	-0.02	-0.02	-0.02	-0.02	-0.02	-0.02	-0.02	-0.02	-0.02	-0.02	-0.02	-0.02	-0.02	-0.02	-0.02	-0.02	-0.02	-0.02	-0.02	-0.02	-0.02	-0.02	-0.02	-0.02	-0.02	-0.02	-0.02	-0.02	-0.02	-0.02	0.48	-0.02	-0.02	-0.02	-0.02	-0.02	-0.02	-0.02	-0.02	-0.02	-0.02	-0.02	-0.02	-0.02	-0.02	-0.02	-0.02	-0.02	-0.02	-0.02	-0.02	-0.02	-0.02	-0.02	-0.02	-0.02	-0.02	-0.02	-0.02	-0.02	-0.02	-0.02	-0.02	0.48	-0.02	-0.02	-0.02	-0.02	-0.02	-0.02	-0.02	-0.02	-0.02	-0.02	-0.02	-0.02	-0.02	-0.02	-0.02	-0.02	-0.02	-0.02	-0.02	-0.02	-0.02	-0.02	-0.02
-0.02	-0.02	-0.02	-0.02	-0.02	-0.02	-0.02	-0.02	-0.02	-0.02	-0.02	-0.02	-0.02	-0.02	-0.02	-0.012346938775510205	-0.02	-0.02	0.04887755102040815	-0.02	0.3320408163265306	-0.02	-0.02	-0.02	-0.02	-0.02	-0.02	-0.02	-0.02	-0.0021428571428571443	-0.02	-0.02	-0.02	-0.02	-0.02	-0.02	-0.02	-0.02	-0.02	-0.02	-0.02	-0.02	-0.02	-0.02	-0.02	-0.02	-0.02	-0.02	-0.02	-0.02	-0.02	-0.02	-0.02	-0.02	0.04122448979591836	-0.02	-0.02	-0.02	-0.014897959183673471	-0.02	-0.02	-0.014897959183673471	-0.02	-0.02	-0.02	-0.02	-0.02	-0.02	-0.02	-0.02	-0.02	-0.02	-0.02	-0.02	-0.02	-0.02	-0.02	-0.02	-0.02	-0.02	-0.02	-0.02	-0.02	-0.02	-0.02	-0.02	-0.02	-0.02	-0.02	-0.02	-0.02	-0.017448979591836736	-0.017448979591836736	-0.02	-0.02	-0.02	-0.02	-0.02	-0.02	0.0029591836734693885	-0.02	0.03357142857142857	-0.02	-0.02	-0.02	-0.02	-0.02	-0.02	-0.02	-0.02	-0.02	-0.02	-0.02	-0.014897959183673471	-0.02	-0.02	-0.02	-0.02	-0.014897959183673471	-0.02	-0.02	0.015714285714285712	-0.02	-0.02	-0.02	0.0004081632653061204	-0.02	-0.00979591836734694	0.025918367346938778	-0.02	-0.02	0.16877551020408163	-0.02	-0.02	-0.02	-0.02	-0.02	-0.02	-0.00979591836734694	-0.02	-0.02	-0.02	0.02081632653061224	0.01826530612244898	-0.02	-0.02	-0.02	-0.02	-0.02
-0.02	-0.02	-0.02	-0.02	-0.02	-0.02	-0.02	-0.02	0.0651063829787234	-0.02	-0.02	-0.02	-0.02	-0.02	-0.02	-0.02	-0.02	-0.02	-0.02	-0.02	0.1395744680851064	-0.02	-0.02	-0.02	-0.02	-0.02	-0.02	-0.02	-0.02	-0.02	-0.02	-0.02	-0.02	-0.02	-0.02	-0.02	-0.02	-0.02	-0.02	-0.02	-0.02	-0.02	-0.02	-0.02	-0.02	-0.02	-0.02	-0.02	-0.02	-0.02	-0.02	-0.02	-0.02	-0.02	-0.02	-0.02	-0.02	-0.02	-0.02	-0.02	-0.02	-0.02	-0.02	-0.02	-0.02	-0.02	-0.02	-0.02	-0.02	-0.02	-0.02	-0.02	-0.02	-0.02	-0.02	-0.02	-0.02	-0.02	-0.02	-0.02	-0.02	-0.02	-0.02	-0.02	-0.02	-0.02	-0.02	-0.02	-0.02	-0.02	-0.02	-0.02	0.043829787234042544	-0.02	-0.02	-0.02	-0.02	0.043829787234042544	-0.02	-0.02	-0.02	0.0651063829787234	-0.02	-0.02	-0.02	-0.02	-0.02	-0.02	-0.02	-0.02	-0.02	-0.02	-0.02	-0.02	-0.02	-0.02	-0.02	-0.02	-0.02	-0.02	-0.02	-0.02	-0.02	-0.02	-0.02	0.4374468085106383	-0.02	-0.02	-0.02	-0.02	-0.02	-0.02	-0.02	-0.02	-0.02	-0.02	-0.02	-0.02	-0.02	-0.02	-0.02	-0.02	-0.02	-0.02	-0.02	-0.02	-0.02	-0.02	0.0651063829787234
-0.02	-0.02	0.018266482249884742	-0.019538958045182114	-0.02	-0.02	-0.02	-0.02	-0.014006454587367451	-0.02	-0.02	-0.02	-0.02	-0.02	-0.02	-0.007090825265099125	-0.02	-0.02	0.010889810972798526	-0.02	0.062065467957584136	-0.02	-0.02	-0.02	-0.02	-0.02	-0.02	-0.02	-0.02	0.019649608114338402	-0.02	-0.02	-0.019538958045182114	-0.02	-0.02	-0.02	-0.02	-0.011701244813278009	-0.02	-0.02	-0.02	-0.02	-0.02	-0.02	-0.02	-0.02	-0.02	-0.02	-0.02	-0.02	-0.02	-0.02	-0.02	-0.02	0.011811894882434299	-0.02	-0.02	-0.02	0.025182111572153065	-0.02	-0.015389580451821115	-0.013084370677731674	-0.02	-0.02	-0.02	-0.019538958045182114	-0.02	-0.02	-0.02	0.05330567081604426	-0.02	-0.02	-0.02	-0.02	-0.02	-0.02	-0.02	0.042240663900414935	-0.02	0.02564315352697095	-0.02	-0.02	-0.02	-0.018155832180728446	-0.02	-0.018155832180728446	-0.02	-0.02	-0.02	-0.02	-0.02	-0.02	0.003974181650530199	-0.02	-0.02	-0.02	-0.02	-0.02	-0.02	0.024721069617335178	-0.02	0.037169202397418166	-0.02	-0.02	-0.019538958045182114	-0.015850622406639005	-0.02	-0.02	-0.02	-0.02	-0.02	-0.019077916090364223	-0.02	0.015961272475795294	-0.02	-0.02	-0.02	-0.02	-0.02	-0.02	-0.02	0.11278008298755186	-0.02	-0.02	-0.02	0.0012079299216228682	-0.02	-0.010318118948824343	-0.02	-0.015850622406639005	-0.02	0.02564315352697095	-0.02	-0.02	-0.02	0.028409405255878286	-0.02	-0.02	-0.016311664361456892	-0.02	-0.02	-0.02	-0.02	-0.019538958045182114	-0.02	-0.019077916090364223	0.030714615029967727	-0.02	0.0021300138312586453
-0.02	-0.02	-0.02	-0.02	-0.02	-0.02	-0.02	-0.02	-0.02	-0.02	-0.02	-0.02	-0.02	-0.02	-0.02	-0.02	-0.02	-0.02	-0.02	-0.02	0.98	-0.02	-0.02	-0.02	-0.02	-0.02	-0.02	-0.02	-0.02	-0.02	-0.02	-0.02	-0.02	-0.02	-0.02	-0.02	-0.02	-0.02	-0.02	-0.02	-0.02	-0.02	-0.02	-0.02	-0.02	-0.02	-0.02	-0.02	-0.02	-0.02	-0.02	-0.02	-0.02	-0.02	-0.02	-0.02	-0.02	-0.02	-0.02	-0.02	-0.02	-0.02	-0.02	-0.02	-0.02	-0.02	-0.02	-0.02	-0.02	-0.02	-0.02	-0.02	-0.02	-0.02	-0.02	-0.02	-0.02	-0.02	-0.02	-0.02	-0.02	-0.02	-0.02	-0.02	-0.02	-0.02	-0.02	-0.02	-0.02	-0.02	-0.02	-0.02	-0.02	-0.02	-0.02	-0.02	-0.02	-0.02	-0.02	-0.02	-0.02	-0.02	-0.02	-0.02	-0.02	-0.02	-0.02	-0.02	-0.02	-0.02	-0.02	-0.02	-0.02	-0.02	-0.02	-0.02	-0.02	-0.02	-0.02	-0.02	-0.02	-0.02	-0.02	-0.02	-0.02	-0.02	-0.02	-0.02	-0.02	-0.02	-0.02	-0.02	-0.02	-0.02	-0.02	-0.02	-0.02	-0.02	-0.02	-0.02	-0.02	-0.02	-0.02	-0.02	-0.02	-0.02	-0.02	-0.02	-0.02
-0.02	-0.02	-0.02	-0.02	-0.02	-0.02	-0.02	-0.02	-0.02	-0.02	-0.02	-0.02	-0.02	-0.02	-0.02	-0.02	-0.02	-0.02	-0.02	-0.02	0.18298507462686567	-0.02	-0.02	-0.02	-0.02	-0.02	-0.02	-0.02	-0.02	-0.02	-0.02	-0.02	-0.02	-0.02	-0.02	-0.02	-0.02	-0.02	-0.02	-0.02	-0.02	-0.02	-0.02	-0.02	-0.02	-0.02	-0.02	-0.02	-0.02	-0.02	-0.02	-0.02	-0.02	-0.02	-0.02	-0.02	-0.02	-0.02	-0.02	-0.02	-0.02	-0.02	-0.02	-0.02	-0.02	-0.02	-0.02	-0.02	-0.02	0.171044776119403	-0.02	-0.02	-0.02	-0.02	-0.02	-0.02	-0.02	-0.02	-0.02	-0.02	-0.02	-0.02	-0.02	-0.02	-0.02	-0.02	-0.02	-0.02	-0.02	-0.02	-0.02	-0.02	-0.02	-0.02	-0.02	-0.02	-0.02	-0.02	-0.02	-0.02	0.039701492537313435	-0.02	-0.02	-0.02	-0.02	-0.02	-0.02	-0.02	-0.02	-0.02	-0.02	-0.02	-0.02	-0.02	-0.02	-0.02	-0.02	-0.02	-0.02	-0.02	-0.02	-0.02	0.3113432835820895	-0.02	-0.02	-0.02	-0.02	-0.02	0.05164179104477612	0.12328358208955224	-0.02	-0.02	-0.02	-0.02	-0.02	-0.02	-0.02	-0.02	-0.02	-0.02	-0.02	-0.02	-0.02	-0.02	-0.02	-0.02	-0.02	-0.02	-0.02
-0.02	-0.02	0.11785046728971961	0.010373831775700934	-0.02	-0.02	0.24635514018691587	-0.02	-0.02	-0.02	-0.02	-0.02	-0.02	-0.02	-0.02	-0.02	-0.02	-0.02	-0.01766355140186916	-0.02	0.082803738317757	-0.02	-0.02	-0.02	-0.02	-0.02	-0.02	-0.02	-0.02	-0.02	-0.02	-0.02	-0.02	-0.02	-0.02	-0.02	-0.02	-0.015327102803738318	-0.02	-0.02	-0.01766355140186916	-0.02	-0.02	-0.02	-0.02	-0.02	-0.02	-0.02	-0.02	-0.02	-0.02	-0.02	-0.02	-0.02	0.031401869158878506	-0.015327102803738318	-0.02	-0.02	-0.02	-0.02	-0.02	-0.02	-0.02	-0.02	-0.02	0.00336448598130841	-0.02	-0.02	-0.02	-0.01766355140186916	-0.02	-0.02	-0.02	-0.02	-0.02	-0.02	-0.02	-0.02	-0.02	-0.01766355140186916	-0.02	-0.02	-0.02	-0.02	-0.02	-0.015327102803738318	-0.02	-0.02	-0.02	-0.02	-0.02	-0.02	0.08514018691588784	-0.02	-0.02	-0.02	-0.02	-0.02	-0.02	0.050093457943925224	-0.02	0.017383177570093455	-0.02	-0.02	-0.02	-0.02	-0.02	-0.02	-0.02	0.0010280373831775685	-0.02	-0.02	-0.02	-0.01766355140186916	-0.02	-0.02	-0.02	-0.02	-0.02	-0.0036448598130841142	-0.02	-0.01766355140186916	-0.02	-0.02	-0.02	-0.02	-0.02	-0.02	-0.01766355140186916	-0.02	-0.02	-0.02	-0.02	-0.02	-0.02	0.04775700934579438	-0.02	-0.02	-0.008317757009345795	-0.02	-0.01766355140186916	-0.02	-0.02	0.005700934579439251	-0.02	-0.02	-0.02	-0.02	-0.02
-0.02	-0.02	0.028484848484848484	0.010303030303030303	-0.02	-0.02	0.15575757575757576	-0.02	-0.02	-0.02	-0.02	-0.02	-0.02	-0.02	-0.02	-0.02	-0.02	-0.02	-0.013939393939393939	-0.02	0.022424242424242426	-0.02	-0.02	-0.02	-0.02	-0.02	-0.02	-0.02	-0.02	0.022424242424242426	-0.02	-0.02	-0.02	-0.02	-0.02	-0.02	-0.02	-0.02	-0.02	-0.02	-0.02	-0.02	-0.02	-0.02	-0.02	-0.02	-0.02	-0.02	-0.02	-0.02	-0.02	-0.02	-0.02	-0.02	0.10727272727272726	-0.02	-0.02	-0.02	-0.02	-0.02	-0.02	-0.02	-0.02	-0.02	-0.02	-0.02	-0.02	-0.02	-0.02	0.028484848484848484	-0.02	-0.02	-0.02	-0.02	-0.02	-0.02	-0.02	-0.02	-0.02	0.1193939393939394	-0.02	-0.02	-0.02	-0.02	-0.02	-0.02	-0.02	-0.02	-0.02	-0.02	-0.02	-0.02	0.022424242424242426	-0.02	-0.02	-0.02	-0.02	-0.02	-0.02	-0.013939393939393939	-0.02	-0.00787878787878788	-0.02	-0.02	-0.02	-0.013939393939393939	-0.02	-0.02	-0.02	-0.02	-0.02	-0.02	-0.02	-0.02	-0.02	-0.02	-0.02	-0.02	-0.02	-0.02	-0.02	-0.0018181818181818195	-0.02	-0.02	-0.02	-0.02	-0.02	-0.02	-0.02	-0.02	-0.02	-0.02	-0.02	-0.02	-0.02	0.22242424242424244	-0.02	-0.02	-0.00787878787878788	-0.02	-0.02	-0.02	-0.02	-0.02	-0.02	-0.02	-0.02	-0.02	-0.02
-0.02	-0.02	-0.00574085554866708	0.009138251704897706	-0.02	-0.02	-0.011940483570985741	-0.02	-0.005120892746435214	-0.02	-0.02	-0.02	-0.02	-0.02	-0.02	-0.011940483570985741	-0.02	-0.02	0.009138251704897706	-0.02	0.012238065716057036	-0.02	-0.02	-0.02	-0.02	-0.02	-0.02	-0.02	-0.02	-0.019380037197768134	-0.02	-0.02	-0.02	-0.019380037197768134	-0.02	-0.02	-0.02	-0.02	-0.02	-0.02	-0.02	-0.02	-0.02	-0.02	-0.02	-0.02	-0.02	-0.02	-0.02	-0.02	-0.02	-0.02	-0.02	-0.02	0.0147179169249845	-0.02	-0.02	-0.02	-0.016280223186608805	-0.02	-0.02	-0.017520148791072537	-0.02	-0.01690018598884067	-0.02	-0.02	-0.02	-0.02	-0.02	-0.01690018598884067	-0.01690018598884067	-0.02	-0.02	-0.02	-0.02	-0.02	-0.02	0.006658400495970242	-0.02	-0.02	-0.02	-0.02	-0.02	-0.02	-0.02	-0.019380037197768134	-0.02	-0.02	-0.02	-0.02	-0.02	-0.02	0.1573093614383137	-0.02	-0.02	-0.02	-0.02	-0.018140111593304403	-0.02	0.19326720396776195	-0.02	-0.0038809671419714822	-0.02	-0.02	-0.02	0.030216986980781155	-0.02	-0.02	-0.02	-0.02	-0.02	-0.02	-0.02	-0.02	-0.02	-0.02	-0.02	-0.02	-0.019380037197768134	-0.02	-0.02	0.06989460632362057	-0.005120892746435214	-0.02	-0.02	-0.005120892746435214	-0.02	-0.01566026038437694	-0.02	-0.008840669559826412	-0.02	-0.004500929944203348	-0.02	-0.02	-0.02	-0.019380037197768134	-0.02	-0.02	-0.01380037197768134	-0.02	-0.02	-0.02	-0.019380037197768134	-0.02	-0.02	-0.02	0.1207315561066336	-0.02	0.007278363298202108
-0.02	-0.02	0.09235955056179775	0.07363295880149813	-0.02	-0.02	-0.01250936329588015	-0.02	0.08112359550561797	-0.02	-0.02	-0.02	-0.02	-0.02	-0.02	-0.02	-0.02	-0.02	-0.02	-0.02	0.07737827715355805	-0.02	-0.02	-0.02	-0.02	-0.02	-0.02	-0.02	-0.02	-0.02	-0.02	-0.02	-0.02	-0.02	-0.02	-0.02	-0.02	-0.02	-0.02	-0.02	-0.02	-0.008764044943820225	-0.02	-0.02	-0.02	-0.02	-0.02	-0.02	-0.02	-0.02	-0.02	-0.02	-0.02	-0.02	0.1410486891385768	-0.02	-0.02	-0.02	0.013707865168539324	-0.02	-0.0012734082397003743	-0.02	-0.02	-0.02	-0.02	-0.02	-0.02	-0.02	-0.02	-0.02	-0.02	-0.02	-0.02	-0.02	-0.02	-0.02	-0.02	-0.0012734082397003743	-0.02	-0.02	-0.02	-0.02	-0.02	-0.02	-0.02	-0.0012734082397003743	-0.02	-0.02	-0.02	-0.02	-0.02	-0.02	0.039925093632958805	-0.02	-0.02	-0.02	-0.02	-0.02	-0.02	-0.02	-0.02	0.09610486891385768	-0.02	-0.02	-0.02	-0.02	-0.02	-0.02	-0.02	-0.02	-0.02	-0.02	-0.02	-0.02	-0.02	-0.02	-0.02	-0.02	-0.02	-0.02	-0.02	0.05865168539325842	-0.02	-0.02	-0.02	-0.0012734082397003743	-0.02	-0.02	-0.02	-0.02	-0.02	-0.02	-0.02	-0.02	-0.02	-0.02	-0.02	-0.02	0.017453183520599252	-0.02	-0.02	-0.02	-0.02	-0.0050187265917603	-0.02	-0.02	-0.02	-0.02	-0.02
-0.02	-0.02	-0.02	-0.02	-0.02	-0.02	-0.02	-0.02	0.14666666666666667	-0.02	-0.02	-0.02	-0.02	-0.02	-0.02	-0.02	-0.02	-0.02	-0.02	-0.02	-0.02	-0.02	-0.02	-0.02	-0.02	-0.02	-0.02	-0.02	-0.02	-0.02	-0.02	-0.02	-0.02	-0.02	-0.02	-0.02	-0.02	-0.02	-0.02	-0.02	-0.02	-0.02	-0.02	-0.02	0.3133333333333333	-0.02	-0.02	-0.02	-0.02	-0.02	-0.02	-0.02	-0.02	-0.02	-0.02	-0.02	-0.02	-0.02	-0.02	-0.02	-0.02	-0.02	-0.02	-0.02	-0.02	-0.02	-0.02	-0.02	-0.02	-0.02	-0.02	-0.02	-0.02	-0.02	-0.02	-0.02	-0.02	-0.02	-0.02	-0.02	-0.02	-0.02	-0.02	-0.02	-0.02	-0.02	-0.02	-0.02	-0.02	-0.02	-0.02	-0.02	-0.02	-0.02	-0.02	-0.02	-0.02	-0.02	-0.02	-0.02	-0.02	-0.02	-0.02	-0.02	-0.02	-0.02	-0.02	-0.02	-0.02	-0.02	-0.02	0.14666666666666667	-0.02	-0.02	-0.02	-0.02	-0.02	-0.02	-0.02	-0.02	-0.02	-0.02	-0.02	-0.02	-0.02	-0.02	-0.02	-0.02	0.14666666666666667	-0.02	-0.02	-0.02	-0.02	-0.02	-0.02	-0.02	-0.02	-0.02	-0.02	-0.02	0.14666666666666667	-0.02	-0.02	-0.02	-0.02	-0.02	-0.02	-0.02	-0.02
-0.02	-0.02	-0.02	-0.02	-0.02	-0.02	-0.02	-0.02	-0.02	-0.02	-0.02	-0.02	-0.02	-0.02	-0.02	-0.02	-0.02	-0.02	-0.02	-0.02	0.3133333333333333	-0.02	-0.02	-0.02	-0.02	-0.02	-0.02	-0.02	-0.02	-0.02	-0.02	-0.02	-0.02	-0.02	-0.02	-0.02	-0.02	-0.02	-0.02	-0.02	-0.02	-0.02	-0.02	-0.02	-0.02	-0.02	-0.02	-0.02	-0.02	-0.02	-0.02	-0.02	-0.02	-0.02	-0.02	-0.02	-0.02	-0.02	-0.02	-0.02	-0.02	-0.02	-0.02	-0.02	-0.02	-0.02	-0.02	-0.02	-0.02	-0.02	-0.02	-0.02	-0.02	-0.02	-0.02	-0.02	-0.02	-0.02	-0.02	-0.02	-0.02	-0.02	-0.02	-0.02	-0.02	-0.02	-0.02	-0.02	-0.02	-0.02	-0.02	-0.02	-0.02	-0.02	-0.02	-0.02	-0.02	-0.02	-0.02	-0.02	-0.02	-0.02	-0.02	-0.02	-0.02	-0.02	-0.02	-0.02	-0.02	-0.02	-0.02	-0.02	-0.02	-0.02	-0.02	-0.02	-0.02	-0.02	-0.02	-0.02	-0.02	-0.02	-0.02	-0.02	-0.02	0.6466666666666666	-0.02	-0.02	-0.02	-0.02	-0.02	-0.02	-0.02	-0.02	-0.02	-0.02	-0.02	-0.02	-0.02	-0.02	-0.02	-0.02	-0.02	-0.02	-0.02	-0.02	-0.02	-0.02	-0.02
-0.02	-0.02	-0.02	-0.02	-0.02	-0.02	-0.02	-0.02	-0.013055555555555556	-0.02	-0.02	-0.02	-0.02	-0.02	-0.02	-0.02	-0.02	-0.02	-0.006111111111111112	-0.02	-0.02	-0.02	-0.02	-0.02	-0.02	-0.02	-0.02	-0.02	-0.02	-0.02	-0.02	-0.02	-0.02	-0.02	-0.02	-0.02	-0.02	-0.02	-0.02	-0.02	-0.02	-0.02	-0.02	-0.02	-0.02	-0.02	-0.02	-0.02	-0.02	-0.02	-0.02	-0.02	-0.02	-0.02	-0.02	-0.02	-0.02	-0.02	0.042499999999999996	-0.02	-0.02	-0.02	-0.02	-0.02	-0.02	-0.02	-0.02	-0.02	-0.02	-0.006111111111111112	-0.02	-0.02	-0.02	-0.02	-0.02	-0.02	-0.02	-0.02	-0.02	-0.02	-0.02	-0.02	-0.02	-0.02	-0.013055555555555556	-0.02	-0.02	-0.02	-0.02	-0.02	-0.02	0.02861111111111111	-0.02	-0.02	-0.02	-0.02	-0.02	-0.02	-0.02	-0.02	-0.02	-0.02	-0.02	-0.02	-0.02	-0.02	-0.02	-0.02	-0.02	-0.02	-0.02	-0.02	-0.02	-0.02	-0.02	-0.02	0.16055555555555556	-0.02	-0.02	-0.02	-0.02	-0.02	-0.02	-0.02	-0.02	0.007777777777777776	-0.02	-0.02	-0.02	0.20916666666666667	-0.02	0.3897222222222222	-0.02	-0.02	-0.02	-0.02	-0.02	-0.02	-0.02	-0.02	-0.02	-0.02	-0.02	-0.02	-0.02	-0.02	-0.02	-0.02	-0.02
-0.02	-0.02	0.2122274881516588	0.03213270142180094	-0.02	-0.02	0.00843601895734597	-0.02	-0.02	-0.02	-0.02	-0.02	-0.02	-0.02	-0.02	-0.02	-0.02	-0.02	0.00843601895734597	-0.02	0.1814218009478673	-0.02	-0.02	-0.02	-0.02	-0.02	-0.02	-0.02	-0.02	0.0700473933649289	-0.02	-0.02	-0.02	-0.02	-0.02	-0.02	-0.02	-0.02	-0.02	-0.02	-0.02	-0.02	-0.02	-0.02	-0.02	-0.02	-0.02	-0.02	-0.02	-0.02	-0.02	-0.02	-0.02	-0.02	0.13165876777251187	-0.02	-0.02	-0.02	-0.02	-0.02	-0.02	-0.02	-0.02	-0.02	-0.02	-0.02	-0.02	-0.02	-0.02	-0.02	-0.02	-0.02	-0.02	-0.02	-0.02	-0.02	-0.02	-0.015260663507109005	-0.02	-0.02	-0.02	-0.02	-0.02	-0.02	-0.02	-0.02	-0.02	-0.02	-0.02	-0.02	-0.02	-0.02	-0.01052132701421801	-0.02	-0.02	-0.02	-0.02	-0.02	-0.02	0.055829383886255926	-0.02	-0.02	-0.02	-0.02	-0.02	-0.02	-0.02	-0.02	-0.02	-0.02	-0.02	-0.01052132701421801	-0.02	-0.02	-0.02	-0.02	-0.02	-0.02	-0.02	-0.02	-0.02	-0.001042654028436018	-0.02	-0.02	-0.02	0.013175355450236969	-0.02	-0.02	-0.02	-0.02	-0.02	-0.02	-0.02	-0.02	-0.02	-0.02	-0.02	-0.02	-0.02	-0.02	-0.02	-0.02	-0.02	0.02265402843601896	-0.02	-0.02	-0.02	-0.02	0.0013270142180094799